order_id,customer_id,order_date,product_category,quantity,unit_price,discount_percent,customer_age,customer_city,delivery_days,rating,is_returned
1000,103,2023-04-28,Clothing,6,467.91,25,60.0,Kazan,5.0,1,No
1001,349,2023-10-21,Home,7,191.02,25,45.0,Moscow,14.0,3,No
1002,271,2023-06-08,Clothing,5,355.52,20,45.0,Moscow,11.0,5,No
1003,107,2023-10-30,Electronics,7,240.47,5,25.0,Ekaterinburg,4.0,1,No
1004,72,2023-08-16,Books,1,338.83,10,40.0,Moscow,8.0,3,No
1005,189,2023-12-31,Clothing,1,382.63,10,46.0,Kazan,4.0,4,No
1006,21,2023-08-04,Home,9,27.5,20,22.0,Kazan,11.0,5,No
1007,103,2023-07-03,Home,5,325.07,5,59.0,Kazan,12.0,4,No
1008,122,2023-01-15,Clothing,5,117.24,0,24.0,SPb,8.0,1,No
1009,215,2023-06-06,Home,3,336.67,0,59.0,Kazan,6.0,5,No
1010,331,2023-05-16,Sports,5,236.82,0,53.0,Kazan,14.0,3,No
1011,88,2023-09-18,Sports,3,387.91,10,58.0,SPb,12.0,1,No
1012,373,2023-06-06,Sports,9,66.08,5,44.0,,,5,No
1013,100,2023-02-16,Electronics,9,315.03,5,63.0,MOSCOW,5.0,5,No
1014,360,2023-11-20,Clothing,6,142.84,10,19.0,Novosibirsk,4.0,4,No
1015,152,2023-11-28,Electronics,1,427.23,0,42.0,Moscow,4.0,1,Yes
1016,131,2023-06-22,Home,7,464.55,0,26.0,,12.0,3,No
1017,150,2023-05-10,Electronics,7,498.22,20,70.0,Moscow,4.0,3,No
1018,309,2023-04-05,Home,4,399.02,25,44.0,Ekaterinburg,11.0,1,No
1019,258,2023-04-25,Home,8,378.1,15,18.0,Moscow,13.0,1,Yes
1020,344,2023-08-31,Books,6,111.67,25,40.0,spb,13.0,2,No
1021,294,2023-10-19,Sports,4,171.32,5,27.0,Moscow ,9.0,4,No
1022,386,2023-10-09,Home,4,235.51,5,59.0,MOSCOW,4.0,1,No
1023,192,2023-10-26,Books,2,387.82,5,69.0,SPb,12.0,1,No
1024,277,2023-10-10,Sports,2,457.91,25,42.0,,9.0,2,No
1025,161,2023-03-10,Home,4,98.62,15,71.0,Moscow,13.0,2,No
1026,314,2023-05-28,Home,5,461.57,20,20.0,Moscow,10.0,,No
1027,22,2023-01-11,Electronics,8,349.33,25,23.0,Novosibirsk,6.0,,No
1028,253,2023-09-11,Electronics,6,307.33,15,23.0,Novosibirsk,10.0,4,No
1029,236,2023-11-26,Sports,4,103.92,0,,Ekaterinburg,13.0,5,No
1030,345,2023-12-26,Home,7,32.48,0,19.0,SPb,,1,No
1031,49,2023-02-07,Clothing,8,286.39,5,35.0,Moscow,12.0,2,Yes
1032,59,2023-05-14,Electronics,2,327.5,10,,Moscow,10.0,3,No
1033,170,2023-07-19,Sports,7,109.34,5,19.0,Moscow,3.0,5,No
1034,188,2023-01-23,Home,2,280.45,10,29.0,Moscow,,3,No
1035,271,2023-10-30,Home,2,428.96,15,39.0,Novosibirsk,3.0,2,No
1036,190,2023-12-12,Clothing,8,418.36,0,54.0,Moscow ,1.0,5,No
1037,175,2023-10-29,Sports,2,464.04,25,37.0,Moscow ,13.0,5,No
1038,51,2023-12-29,Home,9,186.11,10,56.0,Ekaterinburg,,3,No
1039,364,2023-08-06,Electronics,1,162.43,15,41.0,spb,,2,No
1040,55,2023-05-21,Clothing,9,375.97,0,65.0,Kazan,12.0,1,No
1041,244,2023-04-14,Sports,1,218.4,25,37.0,SPb,5.0,5,No
1042,320,2023-07-29,Clothing,2,48.34,10,18.0,Moscow ,2.0,1,No
1043,131,2023-04-21,Electronics,6,144.99,5,18.0,spb,10.0,2,No
1044,307,2023-04-14,Sports,6,212.2,5,34.0,,14.0,,No
1045,135,2023-11-12,Clothing,1,149.8,5,18.0,,6.0,5,No
1046,21,2023-06-20,Books,7,169.44,15,70.0,Moscow,13.0,1,No
1047,329,2023-12-22,Electronics,8,150.42,5,69.0,MOSCOW,10.0,4,No
1048,167,2023-11-20,Electronics,2,25.54,20,62.0,Moscow ,9.0,1,No
1049,274,2023-05-13,Electronics,8,320.36,0,47.0,Ekaterinburg,1.0,1,No
1050,388,2023-10-20,Books,9,300.66,15,58.0,Kazan,14.0,4,No
1051,89,2023-11-24,Books,6,328.42,25,64.0,Moscow ,13.0,2,No
1052,316,2023-05-07,Home,5,100.19,5,20.0,Ekaterinburg,,2,No
1053,14,2023-04-16,Clothing,9,151.35,0,63.0,MOSCOW,1.0,5,No
1054,242,2023-04-02,Home,9,311.71,10,72.0,Novosibirsk,1.0,3,No
1055,265,2023-10-14,Clothing,1,301.82,5,28.0,Kazan,8.0,3,No
1056,346,2023-02-20,Books,3,255.63,0,41.0,Ekaterinburg,,5,No
1057,53,2023-01-29,Books,9,178.45,20,39.0,spb,14.0,3,Yes
1058,386,2023-10-23,Home,2,456.9,10,61.0,Moscow ,13.0,1,Yes
1059,340,2023-10-24,Sports,4,173.19,20,62.0,Novosibirsk,14.0,1,No
1060,92,2023-08-02,Home,4,230.53,25,43.0,,11.0,4,No
1061,367,2023-09-24,Clothing,2,340.67,0,30.0,,2.0,,No
1062,264,2023-09-14,Home,3,273.8,20,18.0,Ekaterinburg,1.0,5,No
1063,35,2023-10-29,Electronics,3,176.71,25,41.0,MOSCOW,11.0,5,No
1064,206,2023-04-11,Clothing,1,220.64,0,27.0,spb,8.0,5,Yes
1065,81,2023-12-12,Clothing,6,398.27,0,52.0,Moscow ,4.0,1,No
1066,50,2023-04-20,Sports,8,142.67,20,41.0,Kazan,3.0,3,No
1067,360,2023-07-01,Books,3,75.42,0,45.0,Novosibirsk,13.0,5,No
1068,388,2023-11-09,Clothing,5,160.02,5,53.0,MOSCOW,12.0,5,No
1069,2,2023-01-01,Books,1,425.52,0,33.0,Moscow,4.0,,No
1070,390,2023-11-15,Home,7,49.05,15,57.0,SPb,14.0,1,No
1071,54,2023-02-24,Electronics,1,495.89,25,33.0,Kazan,11.0,,No
1072,106,2023-05-29,Sports,9,272.8,0,34.0,MOSCOW,5.0,3,Yes
1073,260,2023-11-05,Books,8,492.5,15,68.0,Novosibirsk,1.0,5,No
1074,310,2023-05-17,Clothing,7,469.8,0,71.0,spb,14.0,2,No
1075,191,2023-07-21,Books,7,229.14,0,,Ekaterinburg,11.0,2,No
1076,218,2023-11-09,Clothing,5,103.25,20,33.0,spb,1.0,5,No
1077,44,2023-04-27,Books,5,86.62,5,32.0,MOSCOW,3.0,5,No
1078,162,2023-06-03,Clothing,5,123.79,25,74.0,Novosibirsk,6.0,5,No
1079,202,2023-10-18,Home,1,356.52,5,51.0,spb,1.0,5,No
1080,270,2023-03-04,Clothing,8,140.11,10,28.0,spb,14.0,3,No
1081,351,2023-09-01,Clothing,1,174.01,20,18.0,,11.0,2,No
1082,304,2023-01-25,Electronics,4,227.15,20,32.0,Moscow ,12.0,4,No
1083,271,2023-03-31,Clothing,9,457.05,5,43.0,MOSCOW,2.0,2,No
1084,215,2023-03-16,Electronics,9,98.75,20,68.0,SPb,12.0,2,No
1085,252,2023-10-21,Sports,5,7.49,5,21.0,MOSCOW,14.0,1,No
1086,190,2023-07-29,Electronics,4,34.75,20,60.0,,7.0,,No
1087,296,2023-12-13,Home,3,452.86,0,22.0,Moscow,14.0,5,Yes
1088,213,2023-01-17,Electronics,3,325.52,5,52.0,SPb,14.0,5,No
1089,208,2023-05-08,Sports,5,140.16,5,30.0,Kazan,1.0,1,No
1090,237,2023-12-30,Home,1,92.71,15,27.0,Kazan,13.0,,No
1091,338,2023-09-08,Books,5,150.66,20,28.0,spb,14.0,3,No
1092,367,2023-06-28,Books,6,61.82,20,,spb,7.0,4,No
1093,53,2023-07-01,Electronics,7,471.06,5,51.0,Ekaterinburg,4.0,3,No
1094,280,2023-06-01,Electronics,9,393.18,0,56.0,Moscow,10.0,3,No
1095,217,2023-01-25,Sports,3,233.88,0,58.0,MOSCOW,14.0,5,No
1096,252,2023-06-29,Sports,2,433.16,25,,Ekaterinburg,,2,No
1097,188,2023-07-17,Clothing,3,128.48,0,67.0,Moscow,14.0,3,No
1098,380,2023-12-10,Sports,9,359.97,20,40.0,SPb,8.0,3,No
1099,41,2023-06-10,Clothing,7,428.79,15,24.0,Kazan,9.0,1,No
1100,157,2023-06-26,Home,9,181.6,5,56.0,spb,6.0,4,No
1101,15,2023-10-12,Electronics,2,379.94,10,20.0,Kazan,12.0,1,No
1102,301,2023-03-04,Home,5,151.06,15,29.0,SPb,11.0,5,Yes
1103,65,2023-05-30,Sports,4,152.93,10,24.0,Ekaterinburg,13.0,2,No
1104,345,2023-06-03,Home,2,57.99,15,66.0,Ekaterinburg,14.0,,No
1105,327,2023-06-05,Home,9,222.83,0,,Novosibirsk,9.0,1,No
1106,9,2023-02-18,Home,9,366.21,20,50.0,,4.0,,No
1107,344,2023-12-03,Sports,6,470.41,10,54.0,spb,6.0,3,No
1108,129,2023-03-25,Home,6,303.88,15,65.0,MOSCOW,8.0,4,No
1109,136,2023-12-27,Clothing,8,432.25,20,32.0,spb,9.0,3,No
1110,63,2023-06-26,Sports,6,412.13,10,19.0,Moscow,3.0,1,No
1111,139,2023-05-28,Home,1,90.8,5,58.0,,2.0,1,No
1112,81,2023-04-28,Sports,4,245.48,15,24.0,SPb,6.0,3,No
1113,392,2023-12-08,Books,7,62.88,5,49.0,Ekaterinburg,4.0,,No
1114,163,2023-03-04,Clothing,2,342.67,0,21.0,Kazan,1.0,5,Yes
1115,289,2023-07-08,Home,9,475.2,5,37.0,Moscow,,2,No
1116,379,2023-12-26,Books,8,72.86,5,,spb,9.0,4,No
1117,261,2023-02-18,Books,8,368.27,25,70.0,MOSCOW,14.0,1,No
1118,231,2023-11-23,Sports,7,317.96,15,53.0,MOSCOW,9.0,4,No
1119,41,2023-09-14,Books,4,293.88,0,49.0,MOSCOW,2.0,5,No
1120,28,2023-08-12,Clothing,2,198.11,5,45.0,Moscow ,9.0,1,Yes
1121,135,2023-05-21,Clothing,3,180.79,20,30.0,Novosibirsk,,5,No
1122,201,2023-08-03,Electronics,6,27.4,10,18.0,Moscow,5.0,5,No
1123,328,2023-07-30,Clothing,5,112.86,5,73.0,Kazan,7.0,3,No
1124,268,2023-11-14,Books,8,12.51,0,,spb,13.0,4,No
1125,33,2023-02-01,Clothing,6,292.8,5,65.0,Kazan,9.0,4,No
1126,48,2023-06-07,Sports,6,57.4,10,47.0,Kazan,8.0,3,No
1127,62,2023-10-12,Electronics,1,437.14,0,71.0,spb,6.0,4,Yes
1128,216,2023-11-01,Books,4,263.96,15,53.0,Kazan,13.0,3,No
1129,293,2023-10-13,Electronics,5,351.35,0,74.0,,4.0,1,No
1130,99,2023-05-24,Books,3,208.37,15,72.0,SPb,13.0,5,No
1131,172,2023-01-19,Sports,9,282.49,0,42.0,Novosibirsk,1.0,5,No
1132,360,2023-01-18,Electronics,1,471.62,10,33.0,Moscow ,6.0,,No
1133,214,2023-09-14,Home,6,45.95,10,36.0,Kazan,3.0,2,Yes
1134,35,2023-03-19,Books,6,130.7,0,18.0,Kazan,6.0,5,No
1135,227,2023-06-24,Home,5,391.09,5,22.0,Ekaterinburg,6.0,3,No
1136,101,2023-07-13,Electronics,5,53.87,10,68.0,Novosibirsk,14.0,2,No
1137,131,2023-04-23,Home,5,42.45,15,39.0,Moscow,4.0,2,No
1138,257,2023-04-24,Home,6,183.96,15,41.0,Novosibirsk,2.0,5,No
1139,5,2023-08-10,Electronics,8,50.62,20,,Novosibirsk,9.0,5,No
1140,218,2023-06-15,Sports,2,294.61,25,,spb,2.0,5,No
1141,255,2023-11-15,Home,6,117.01,25,69.0,spb,3.0,3,No
1142,398,2023-05-12,Home,1,448.37,25,54.0,spb,10.0,2,No
1143,359,2023-09-21,Sports,4,392.83,15,70.0,Moscow ,,4,No
1144,283,2023-02-24,Home,3,351.35,20,53.0,MOSCOW,7.0,3,No
1145,393,2023-12-25,Home,9,310.39,25,53.0,Novosibirsk,1.0,1,No
1146,207,2023-05-11,Home,3,432.42,25,21.0,Moscow ,11.0,5,No
1147,15,2023-10-15,Clothing,6,115.42,0,,Kazan,9.0,2,No
1148,346,2023-09-23,Sports,1,437.19,0,69.0,spb,11.0,3,Yes
1149,42,2023-06-11,Home,6,395.8,0,,Kazan,11.0,1,No
1150,380,2023-03-28,Sports,4,375.34,5,35.0,spb,1.0,3,No
1151,179,2023-02-24,Books,8,282.82,25,67.0,SPb,5.0,3,No
1152,63,2023-10-15,Books,9,126.89,5,33.0,Moscow ,7.0,,No
1153,352,2023-06-27,Home,4,214.66,20,58.0,Moscow ,3.0,4,No
1154,231,2023-12-15,Sports,6,397.82,15,35.0,MOSCOW,,3,No
1155,241,2023-01-08,Sports,1,20.73,25,39.0,Moscow,8.0,1,No
1156,52,2023-11-17,Sports,4,392.12,15,19.0,Ekaterinburg,13.0,2,No
1157,96,2023-11-09,Clothing,7,123.84,0,38.0,Novosibirsk,3.0,2,No
1158,388,2023-09-04,Books,1,76.43,25,,,5.0,5,No
1159,222,2023-11-19,Sports,8,62.27,10,61.0,Moscow ,7.0,5,No
1160,231,2023-09-12,Sports,6,18.49,5,56.0,Moscow,12.0,2,No
1161,237,2023-11-24,Clothing,5,264.18,5,64.0,SPb,14.0,3,No
1162,143,2023-02-23,Clothing,9,113.04,25,56.0,Ekaterinburg,4.0,3,No
1163,171,2023-09-06,Sports,2,494.77,0,46.0,MOSCOW,5.0,4,No
1164,29,2023-08-27,Electronics,5,289.35,5,71.0,Moscow ,3.0,,No
1165,36,2023-08-17,Sports,6,73.25,0,43.0,Moscow ,9.0,5,No
1166,13,2023-03-08,Sports,7,345.94,20,38.0,Novosibirsk,999.0,2,No
1167,160,2023-02-20,Clothing,5,449.38,15,34.0,MOSCOW,9.0,3,No
1168,327,2023-04-07,Clothing,9,373.86,10,33.0,MOSCOW,7.0,2,No
1169,187,2023-04-02,Sports,1,42.84,15,48.0,spb,10.0,1,No
1170,243,2023-09-21,Sports,7,448.46,15,68.0,Ekaterinburg,2.0,2,No
1171,86,2023-10-18,Sports,7,398.0,20,26.0,SPb,7.0,1,No
1172,284,2023-04-06,Clothing,4,83.36,5,48.0,Kazan,7.0,4,No
1173,66,2023-03-29,Sports,9,30.63,10,,Moscow,11.0,4,No
1174,170,2023-03-19,Sports,5,280.87,5,66.0,MOSCOW,5.0,5,No
1175,45,2023-10-15,Home,4,82.24,25,54.0,Novosibirsk,9.0,2,No
1176,62,2023-04-30,Electronics,7,418.12,15,19.0,Moscow ,13.0,2,No
1177,134,2023-10-29,Books,4,182.38,25,69.0,Kazan,12.0,1,Yes
1178,284,2023-06-14,Electronics,3,456.88,0,65.0,SPb,11.0,4,Yes
1179,28,2023-07-01,Home,9,285.02,15,63.0,Ekaterinburg,3.0,1,No
1180,108,2023-08-11,Books,8,95.42,5,31.0,MOSCOW,4.0,4,No
1181,44,2023-11-07,Sports,1,74.1,15,,Moscow,1.0,1,No
1182,340,2023-01-07,Home,7,290.35,0,,MOSCOW,,4,No
1183,286,2023-11-26,Sports,9,382.13,20,56.0,Novosibirsk,4.0,1,Yes
1184,331,2023-09-20,Clothing,8,391.85,25,64.0,MOSCOW,1.0,,No
1185,128,2023-06-10,Home,8,141.5,25,68.0,MOSCOW,2.0,1,No
1186,348,2023-05-31,Clothing,6,106.1,5,37.0,MOSCOW,3.0,2,No
1187,231,2023-03-26,Home,4,13.29,15,19.0,Moscow ,9.0,5,No
1188,190,2023-05-27,Home,8,341.2,5,68.0,,13.0,1,No
1189,225,2023-04-22,Clothing,3,42.9,20,58.0,Kazan,8.0,5,No
1190,385,2023-02-05,Books,9,213.28,15,36.0,Kazan,7.0,,No
1191,377,2023-10-12,Electronics,2,302.83,15,54.0,Moscow,13.0,2,No
1192,283,2023-07-07,Sports,2,468.87,5,35.0,Ekaterinburg,11.0,4,No
1193,121,2023-03-23,Home,7,159.34,5,33.0,SPb,12.0,5,No
1194,116,2023-01-02,Sports,4,128.64,0,21.0,spb,14.0,3,No
1195,233,2023-10-30,Clothing,8,328.81,20,29.0,Ekaterinburg,4.0,4,No
1196,259,2023-07-16,Sports,9,311.52,0,46.0,Ekaterinburg,1.0,5,No
1197,359,2023-01-11,Clothing,7,169.39,25,24.0,Ekaterinburg,8.0,1,No
1198,198,2023-08-22,Sports,5,464.41,15,31.0,spb,4.0,1,No
1199,137,2023-07-14,Electronics,8,423.21,5,72.0,Moscow,3.0,2,No
1200,318,2023-04-29,Electronics,4,115.87,15,29.0,spb,,3,Yes
1201,165,2023-01-20,Electronics,2,123.38,15,52.0,Moscow,10.0,1,No
1202,225,2023-09-18,Electronics,6,258.59,10,22.0,spb,4.0,5,No
1203,307,2023-10-20,Electronics,9,387.92,25,34.0,,4.0,5,No
1204,234,2023-09-13,Electronics,1,26.8,10,59.0,MOSCOW,14.0,1,No
1205,172,2023-08-10,Clothing,7,348.2,15,49.0,Ekaterinburg,9.0,5,No
1206,152,2023-08-14,Home,9,325.88,5,27.0,MOSCOW,13.0,,No
1207,315,2023-02-22,Sports,9,119.58,15,60.0,Moscow,12.0,2,No
1208,374,2023-12-21,Electronics,3,342.27,25,34.0,spb,11.0,3,No
1209,160,2023-12-08,Clothing,5,470.39,10,22.0,SPb,12.0,2,No
1210,96,2023-12-30,Clothing,8,28.16,5,,,14.0,3,No
1211,233,2023-10-07,Clothing,8,163.23,15,59.0,MOSCOW,,5,No
1212,180,2023-03-22,Home,4,221.9,20,26.0,Moscow ,14.0,3,No
1213,113,2023-07-21,Sports,1,450.13,25,,SPb,12.0,5,No
1214,318,2023-06-07,Home,1,481.32,25,50.0,Ekaterinburg,5.0,5,No
1215,52,2023-04-30,Books,4,224.84,20,53.0,Novosibirsk,4.0,2,No
1216,268,2023-02-28,Clothing,6,376.26,15,53.0,,9.0,2,No
1217,295,2023-08-03,Books,8,268.17,25,35.0,Novosibirsk,12.0,4,No
1218,386,2023-05-08,Electronics,6,271.2,5,26.0,SPb,5.0,1,No
1219,387,2023-08-12,Electronics,9,142.66,15,74.0,Moscow ,9.0,,No
1220,113,2023-07-28,Home,9,112.39,15,46.0,MOSCOW,11.0,4,No
1221,101,2023-04-25,Sports,2,147.56,10,67.0,Moscow ,9.0,3,No
1222,113,2023-07-28,Books,1,280.38,25,31.0,Moscow,14.0,5,No
1223,81,2023-01-14,Sports,2,19.43,25,42.0,Moscow ,2.0,5,No
1224,187,2023-01-09,Home,5,454.09,20,32.0,Kazan,14.0,5,No
1225,113,2023-02-09,Electronics,4,82.36,10,23.0,SPb,,1,No
1226,2,2023-08-25,Sports,4,113.94,10,73.0,MOSCOW,3.0,3,No
1227,130,2023-10-08,Sports,9,261.55,25,59.0,MOSCOW,4.0,3,No
1228,220,2023-12-25,Electronics,8,356.51,15,,Moscow,,5,Yes
1229,54,2023-07-20,Books,6,52.39,10,32.0,MOSCOW,14.0,4,No
1230,343,2023-09-03,Electronics,1,162.26,20,46.0,Moscow ,1.0,1,No
1231,224,2023-10-05,Sports,2,484.49,10,21.0,SPb,1.0,4,Yes
1232,225,2023-08-23,Books,6,134.86,20,35.0,Ekaterinburg,9.0,2,No
1233,385,2023-01-04,Books,2,159.96,10,67.0,Moscow ,11.0,3,No
1234,126,2023-06-03,Electronics,5,419.07,20,74.0,spb,8.0,3,No
1235,130,2023-01-29,Sports,5,29.86,10,66.0,Novosibirsk,5.0,4,No
1236,53,2023-04-19,Home,6,234.98,10,61.0,SPb,5.0,1,No
1237,172,2023-04-08,Sports,6,192.91,5,56.0,MOSCOW,9.0,3,No
1238,218,2023-08-03,Clothing,6,161.71,20,33.0,Moscow,,4,No
1239,160,2023-10-20,Home,2,146.42,20,28.0,Ekaterinburg,3.0,1,No
1240,198,2023-03-16,Books,3,50.23,20,31.0,Kazan,7.0,4,No
1241,247,2023-11-22,Home,6,160.84,0,20.0,Ekaterinburg,9.0,1,No
1242,324,2023-05-26,Books,8,26.31,10,68.0,Moscow ,6.0,5,No
1243,203,2023-05-08,Books,1,391.58,20,67.0,Novosibirsk,14.0,1,No
1244,184,2023-12-07,Home,1,202.12,25,59.0,Ekaterinburg,,2,No
1245,123,2023-02-11,Books,2,224.73,0,55.0,,1.0,5,No
1246,255,2023-12-22,Books,6,447.33,5,,,2.0,4,No
1247,294,2023-02-10,Clothing,9,330.74,20,59.0,Moscow,14.0,5,No
1248,280,2023-02-03,Sports,4,8.99,20,35.0,SPb,14.0,,Yes
1249,325,2023-01-17,Sports,3,471.87,0,37.0,Novosibirsk,1.0,4,No
1250,372,2023-06-14,Clothing,8,122.39,10,65.0,Kazan,10.0,4,No
1251,98,2023-06-02,Home,9,58.27,25,42.0,MOSCOW,10.0,2,No
1252,198,2023-03-17,Electronics,5,385.22,5,74.0,Moscow ,9.0,4,No
1253,395,2023-03-28,Electronics,9,252.74,20,55.0,Moscow ,10.0,,No
1254,240,2023-04-27,Electronics,2,219.72,10,30.0,Moscow ,12.0,3,No
1255,144,2023-12-28,Clothing,3,128.5,25,,MOSCOW,14.0,2,No
1256,97,2023-12-08,Clothing,7,276.0,25,,MOSCOW,13.0,1,No
1257,201,2023-01-27,Books,7,140.82,5,31.0,Novosibirsk,8.0,1,No
1258,124,2023-11-09,Electronics,6,451.28,15,50.0,Ekaterinburg,,3,No
1259,187,2023-10-14,Home,6,111.53,25,45.0,Novosibirsk,,4,No
1260,326,2023-05-14,Home,2,442.76,15,69.0,Moscow ,8.0,,Yes
1261,349,2023-08-07,Electronics,6,281.91,25,,spb,2.0,1,No
1262,259,2023-06-17,Electronics,4,415.1,5,25.0,Kazan,2.0,1,No
1263,148,2023-04-08,Electronics,3,357.86,0,,SPb,11.0,5,Yes
1264,252,2023-09-25,Clothing,2,349.86,5,51.0,SPb,10.0,3,No
1265,346,2023-08-25,Clothing,1,165.55,5,61.0,Novosibirsk,3.0,4,No
1266,147,2023-11-05,Clothing,5,120.78,0,22.0,Moscow ,7.0,2,No
1267,148,2023-06-22,Sports,2,109.39,0,71.0,MOSCOW,,1,No
1268,352,2023-07-09,Home,2,429.31,10,22.0,Moscow,8.0,5,No
1269,199,2023-05-02,Home,7,411.11,25,48.0,spb,12.0,3,No
1270,308,2023-02-15,Books,8,223.08,10,,Novosibirsk,7.0,3,No
1271,128,2023-03-05,Clothing,8,70.54,0,26.0,,4.0,2,No
1272,39,2023-05-10,Sports,4,194.21,15,59.0,Ekaterinburg,14.0,1,No
1273,338,2023-11-06,Sports,1,311.58,15,49.0,SPb,5.0,2,No
1274,360,2023-12-29,Home,7,229.93,5,50.0,SPb,10.0,2,No
1275,129,2023-07-12,Clothing,1,391.19,20,20.0,spb,13.0,5,Yes
1276,267,2023-11-03,Books,4,498.82,5,47.0,SPb,1.0,3,No
1277,151,2023-06-30,Clothing,8,99.61,5,67.0,Moscow,4.0,4,No
1278,298,2023-10-19,Electronics,2,232.53,20,29.0,Moscow ,1.0,3,No
1279,99,2023-10-09,Clothing,6,218.34,25,46.0,Moscow ,1.0,3,Yes
1280,263,2023-01-29,Electronics,6,155.72,0,20.0,spb,10.0,5,No
1281,252,2023-05-29,Electronics,9,103.06,15,43.0,Moscow ,1.0,4,No
1282,144,2023-09-24,Books,5,37.52,5,74.0,MOSCOW,7.0,1,No
1283,346,2023-10-23,Home,4,444.12,20,47.0,spb,7.0,4,No
1284,112,2023-01-11,Clothing,5,212.83,10,26.0,Moscow ,4.0,1,Yes
1285,60,2023-06-13,Electronics,5,250.96,5,43.0,,13.0,4,No
1286,369,2023-04-23,Clothing,8,458.89,15,19.0,Kazan,12.0,2,No
1287,2,2023-07-06,Home,8,389.26,0,,Novosibirsk,2.0,4,No
1288,385,2023-10-22,Home,2,69.6,5,63.0,Novosibirsk,12.0,5,No
1289,304,2023-08-20,Sports,7,284.88,5,21.0,Moscow ,3.0,1,Yes
1290,254,2023-08-15,Home,8,223.91,25,42.0,Ekaterinburg,8.0,3,No
1291,140,2023-11-06,Books,6,399.62,20,68.0,SPb,13.0,5,No
1292,37,2023-04-08,Electronics,5,363.5,10,30.0,,,1,Yes
1293,160,2023-02-24,Sports,9,346.75,10,56.0,Ekaterinburg,11.0,1,No
1294,9,2023-04-21,Books,3,173.57,0,61.0,MOSCOW,11.0,3,No
1295,233,2023-06-01,Clothing,4,403.46,15,52.0,Ekaterinburg,6.0,2,No
1296,99,2023-09-03,Electronics,9,30.93,0,72.0,Moscow ,10.0,,No
1297,147,2023-03-10,Home,6,84.01,5,40.0,Moscow,9.0,3,Yes
1298,304,2023-11-08,Electronics,8,171.13,5,26.0,Novosibirsk,11.0,3,No
1299,208,2023-10-16,Clothing,7,43.02,10,19.0,SPb,,2,No
1300,131,2023-09-07,Sports,2,121.32,15,71.0,Novosibirsk,9.0,5,No
1301,152,2023-02-05,Sports,3,415.92,20,,Ekaterinburg,4.0,3,No
1302,54,2023-08-27,Sports,1,474.38,15,61.0,MOSCOW,12.0,2,No
1303,120,2023-05-28,Home,9,155.78,5,48.0,SPb,1.0,5,No
1304,161,2023-08-15,Books,7,135.94,20,61.0,Kazan,1.0,4,Yes
1305,116,2023-09-01,Books,1,143.55,15,64.0,Ekaterinburg,12.0,1,No
1306,75,2023-12-03,Electronics,3,142.47,15,19.0,Novosibirsk,10.0,2,No
1307,113,2023-12-31,Home,4,22.79,20,49.0,Novosibirsk,5.0,1,No
1308,104,2023-07-20,Sports,4,463.82,5,35.0,Moscow ,14.0,4,No
1309,340,2023-06-03,Sports,5,110.78,15,30.0,Novosibirsk,13.0,3,No
1310,254,2023-03-14,Clothing,3,212.9,20,63.0,Moscow,2.0,3,No
1311,227,2023-07-20,Clothing,3,9.8,25,22.0,Ekaterinburg,,5,No
1312,112,2023-10-23,Sports,1,429.69,25,59.0,spb,7.0,2,No
1313,99,2023-01-17,Sports,7,366.92,5,61.0,spb,1.0,2,Yes
1314,153,2023-05-09,Home,1,473.64,20,27.0,MOSCOW,6.0,5,No
1315,349,2023-08-05,Books,2,391.9,25,73.0,SPb,8.0,1,No
1316,384,2023-03-02,Clothing,4,160.28,20,60.0,Novosibirsk,12.0,3,Yes
1317,366,2023-04-14,Books,4,127.7,15,42.0,Moscow ,5.0,3,No
1318,338,2023-02-11,Home,5,350.37,5,,Moscow ,14.0,2,No
1319,194,2023-01-25,Sports,2,185.24,25,54.0,Novosibirsk,12.0,2,No
1320,310,2023-02-08,Books,4,285.28,15,47.0,Moscow,7.0,5,No
1321,163,2023-10-18,Sports,1,8.1,0,24.0,Moscow ,10.0,4,No
1322,208,2023-05-11,Sports,2,35.63,0,23.0,spb,6.0,1,Yes
1323,169,2023-08-17,Electronics,1,270.01,5,71.0,,4.0,,No
1324,161,2023-04-18,Books,4,285.21,25,,Ekaterinburg,7.0,4,No
1325,68,2023-06-21,Books,4,376.97,25,20.0,Kazan,10.0,2,No
1326,289,2023-04-12,Sports,7,70.32,25,30.0,Moscow,9.0,2,No
1327,398,2023-12-20,Home,9,259.03,20,20.0,,10.0,2,No
1328,277,2023-01-12,Electronics,9,101.25,15,43.0,MOSCOW,10.0,4,No
1329,304,2023-10-02,Sports,5,51.13,25,74.0,Moscow ,13.0,1,Yes
1330,384,2023-04-11,Clothing,1,208.2,15,41.0,Ekaterinburg,7.0,2,No
1331,392,2023-02-13,Clothing,1,85.85,5,70.0,Kazan,,3,No
1332,135,2023-11-01,Electronics,6,114.78,25,23.0,MOSCOW,14.0,1,No
1333,195,2023-01-17,Home,2,162.19,5,60.0,Novosibirsk,5.0,3,No
1334,128,2023-11-26,Sports,8,133.4,25,66.0,,7.0,,Yes
1335,33,2023-02-26,Books,9,48.36,0,59.0,SPb,3.0,,No
1336,176,2023-11-07,Electronics,4,49.51,10,29.0,Kazan,2.0,5,No
1337,371,2023-10-30,Home,5,100.66,5,66.0,Novosibirsk,11.0,2,No
1338,375,2023-01-12,Books,8,30.03,25,53.0,MOSCOW,5.0,4,Yes
1339,22,2023-11-14,Clothing,3,315.1,10,19.0,Novosibirsk,4.0,4,No
1340,238,2023-03-21,Clothing,5,147.23,5,28.0,spb,5.0,1,No
1341,158,2023-08-04,Books,3,143.47,20,56.0,,8.0,4,No
1342,38,2023-12-05,Electronics,3,169.34,25,51.0,MOSCOW,12.0,2,No
1343,230,2023-09-21,Clothing,3,333.08,20,43.0,MOSCOW,4.0,3,No
1344,365,2023-05-29,Sports,7,435.96,0,35.0,MOSCOW,9.0,,No
1345,51,2023-03-22,Books,7,380.75,25,38.0,SPb,7.0,,No
1346,264,2023-08-03,Books,7,365.13,0,53.0,Ekaterinburg,10.0,4,No
1347,283,2023-07-17,Clothing,8,244.77,10,57.0,MOSCOW,13.0,3,No
1348,27,2023-07-19,Electronics,5,348.43,5,69.0,Novosibirsk,12.0,5,No
1349,226,2023-01-25,Sports,5,278.62,15,63.0,spb,7.0,,No
1350,277,2023-03-30,Electronics,4,112.04,0,61.0,MOSCOW,13.0,3,No
1351,286,2023-09-25,Home,7,108.25,15,,Moscow,13.0,2,No
1352,97,2023-05-23,Home,4,151.71,15,70.0,Moscow,8.0,5,No
1353,284,2023-02-28,Clothing,2,455.85,5,47.0,Ekaterinburg,12.0,1,No
1354,367,2023-12-31,Clothing,4,275.97,10,67.0,Kazan,6.0,1,Yes
1355,317,2023-01-26,Clothing,8,368.28,5,60.0,SPb,8.0,3,No
1356,304,2023-02-16,Home,9,176.55,25,47.0,spb,3.0,3,No
1357,147,2023-10-15,Electronics,3,206.82,0,25.0,Moscow ,10.0,4,No
1358,4,2023-09-23,Electronics,7,67.15,15,51.0,spb,10.0,5,No
1359,35,2023-01-16,Clothing,9,89.79,5,74.0,Moscow,14.0,3,No
1360,192,2023-07-18,Sports,4,414.54,5,,,1.0,4,No
1361,49,2023-10-09,Electronics,3,294.5,5,26.0,Ekaterinburg,6.0,5,Yes
1362,17,2023-03-27,Home,5,172.08,0,68.0,Kazan,1.0,1,No
1363,172,2023-09-07,Books,1,402.41,10,37.0,Kazan,9.0,,No
1364,220,2023-09-27,Books,3,127.03,5,,,14.0,5,No
1365,158,2023-12-01,Books,8,488.14,0,42.0,MOSCOW,2.0,4,No
1366,46,2023-04-27,Sports,8,175.68,15,36.0,,11.0,3,No
1367,373,2023-01-07,Clothing,4,171.97,25,22.0,,2.0,2,No
1368,6,2023-05-17,Home,2,159.4,20,28.0,spb,7.0,1,No
1369,99,2023-06-25,Sports,8,65.45,0,32.0,spb,2.0,,No
1370,380,2023-11-24,Home,8,60.01,20,25.0,SPb,10.0,3,No
1371,233,2023-11-11,Home,4,325.81,5,36.0,Moscow,8.0,5,No
1372,37,2023-08-03,Clothing,3,438.18,5,40.0,,6.0,4,No
1373,280,2023-03-23,Books,2,396.31,0,44.0,Moscow ,14.0,1,No
1374,349,2023-08-11,Clothing,9,74.85,20,,spb,7.0,3,No
1375,302,2023-04-13,Sports,1,275.06,5,,Moscow,7.0,5,No
1376,181,2023-09-30,Sports,7,57.27,15,43.0,spb,6.0,1,Yes
1377,95,2023-01-14,Sports,5,27.42,10,44.0,SPb,10.0,4,No
1378,99,2023-06-08,Clothing,8,329.91,10,36.0,MOSCOW,11.0,3,No
1379,188,2023-06-01,Home,4,269.9,5,67.0,Novosibirsk,9.0,3,No
1380,116,2023-04-18,Home,7,45.6,20,,,13.0,3,No
1381,191,2023-07-07,Electronics,5,22.29,25,46.0,Ekaterinburg,9.0,1,No
1382,253,2023-10-28,Sports,5,494.93,5,56.0,Novosibirsk,7.0,1,No
1383,161,2023-04-08,Home,9,19.86,25,58.0,spb,9.0,1,No
1384,256,2023-05-11,Electronics,9,225.04,25,50.0,Ekaterinburg,13.0,1,No
1385,323,2023-10-20,Home,9,254.79,20,36.0,Ekaterinburg,10.0,5,No
1386,128,2023-06-20,Sports,6,63.05,25,54.0,Ekaterinburg,3.0,2,No
1387,18,2023-07-02,Books,6,88.69,15,36.0,Moscow,3.0,5,No
1388,281,2023-12-30,Sports,5,179.14,20,50.0,Kazan,1.0,3,No
1389,223,2023-02-08,Clothing,9,382.03,5,64.0,spb,5.0,5,No
1390,54,2023-01-15,Home,8,256.01,15,33.0,Novosibirsk,,4,No
1391,58,2023-01-04,Home,7,320.76,0,40.0,SPb,2.0,,No
1392,323,2023-12-15,Clothing,7,492.66,10,24.0,Kazan,9.0,4,Yes
1393,360,2023-07-29,Clothing,6,385.16,5,,spb,3.0,4,No
1394,174,2023-06-10,Books,5,220.01,5,49.0,MOSCOW,8.0,3,No
1395,280,2023-01-16,Home,4,225.99,5,29.0,MOSCOW,6.0,1,No
1396,114,2023-04-18,Home,3,311.29,15,25.0,Moscow,14.0,4,No
1397,288,2023-11-07,Books,3,334.36,0,22.0,Ekaterinburg,13.0,3,No
1398,342,2023-08-15,Electronics,6,252.85,20,-5.0,SPb,5.0,1,No
1399,151,2023-06-19,Books,4,324.21,0,45.0,spb,1.0,2,No
1400,127,2023-02-03,Sports,6,16.65,15,70.0,Novosibirsk,,3,No
1401,155,2023-09-08,Home,3,217.66,5,22.0,spb,3.0,5,No
1402,386,2023-09-04,Clothing,4,143.07,10,66.0,Kazan,,1,No
1403,273,2023-09-26,Sports,9,68.94,5,43.0,MOSCOW,12.0,4,Yes
1404,104,2023-05-21,Home,5,54.28,20,22.0,Moscow ,5.0,4,No
1405,393,2023-10-01,Books,7,303.58,25,39.0,Kazan,6.0,5,No
1406,299,2023-04-06,Sports,2,264.18,10,32.0,spb,2.0,5,No
1407,246,2023-08-15,Home,5,130.52,5,30.0,,14.0,4,No
1408,176,2023-02-08,Electronics,9,238.12,10,45.0,spb,3.0,1,No
1409,39,2023-10-29,Electronics,3,248.65,25,50.0,spb,11.0,3,Yes
1410,170,2023-01-29,Clothing,9,101.53,0,60.0,Moscow,14.0,5,No
1411,247,2023-11-14,Home,6,327.79,15,40.0,Novosibirsk,6.0,5,No
1412,26,2023-09-02,Electronics,4,391.56,5,50.0,SPb,4.0,5,No
1413,355,2023-08-24,Books,7,396.77,20,60.0,spb,9.0,2,Yes
1414,306,2023-07-04,Home,8,303.22,0,35.0,Ekaterinburg,5.0,1,No
1415,13,2023-09-29,Books,6,258.26,5,,Novosibirsk,4.0,1,No
1416,316,2023-08-24,Books,5,35.2,0,70.0,,2.0,1,No
1417,391,2023-08-27,Electronics,6,147.48,20,47.0,SPb,6.0,1,No
1418,313,2023-09-23,Home,5,51.17,5,43.0,Kazan,10.0,1,No
1419,36,2023-12-25,Sports,8,482.09,25,33.0,MOSCOW,2.0,4,No
1420,173,2023-12-06,Electronics,1,71.86,25,30.0,spb,12.0,5,No
1421,20,2023-03-06,Electronics,7,80.13,20,56.0,Kazan,,4,No
1422,321,2023-06-26,Home,2,445.34,10,50.0,Kazan,7.0,2,No
1423,264,2023-01-03,Home,9,472.24,20,43.0,Moscow,3.0,3,No
1424,142,2023-05-22,Books,1,384.09,10,65.0,Kazan,9.0,5,Yes
1425,371,2023-06-07,Home,6,7.68,5,18.0,Ekaterinburg,11.0,2,No
1426,143,2023-11-20,Books,9,5.67,10,66.0,Ekaterinburg,5.0,,No
1427,92,2023-05-26,Electronics,1,192.16,5,55.0,Novosibirsk,8.0,3,No
1428,354,2023-10-20,Clothing,4,75.98,5,19.0,spb,11.0,2,No
1429,322,2023-06-02,Sports,4,14.1,15,66.0,Moscow ,6.0,3,No
1430,288,2023-07-12,Electronics,9,234.71,5,23.0,MOSCOW,14.0,,No
1431,215,2023-03-14,Home,5,471.82,10,63.0,Kazan,12.0,4,No
1432,342,2023-11-01,Sports,5,165.29,15,,Kazan,10.0,3,No
1433,51,2023-12-10,Clothing,6,332.26,15,55.0,SPb,8.0,2,No
1434,153,2023-05-20,Clothing,1,327.86,5,59.0,,13.0,4,No
1435,186,2023-07-06,Books,1,129.28,20,41.0,,13.0,5,No
1436,63,2023-10-20,Sports,9,326.96,20,35.0,Novosibirsk,11.0,4,No
1437,190,2023-03-02,Books,3,110.11,25,44.0,MOSCOW,12.0,4,No
1438,125,2023-07-17,Electronics,4,65.39,15,58.0,Moscow ,3.0,5,No
1439,150,2023-10-22,Sports,1,352.18,5,25.0,Kazan,3.0,4,No
1440,314,2023-11-15,Electronics,9,61.15,20,45.0,SPb,5.0,5,No
1441,58,2023-10-29,Books,8,498.47,5,27.0,spb,,5,No
1442,342,2023-12-10,Sports,2,95.81,5,34.0,Moscow,10.0,5,No
1443,305,2023-01-11,Books,8,299.1,15,72.0,spb,3.0,2,No
1444,180,2023-03-03,Sports,7,208.63,25,46.0,Novosibirsk,8.0,3,No
1445,170,2023-11-29,Books,6,67.56,15,23.0,Moscow ,10.0,2,No
1446,326,2023-08-14,Clothing,1,18.78,0,31.0,Novosibirsk,13.0,5,No
1447,271,2023-06-02,Books,7,313.25,20,39.0,Kazan,12.0,3,No
1448,54,2023-07-18,Clothing,7,404.34,20,,Novosibirsk,14.0,3,No
1449,101,2023-02-21,Books,9,421.8,20,23.0,spb,8.0,5,No
1450,264,2023-09-17,Sports,1,243.94,10,43.0,SPb,2.0,3,No
1451,53,2023-02-28,Sports,2,389.84,5,56.0,,,3,No
1452,60,2023-03-13,Sports,9,338.06,15,29.0,Ekaterinburg,4.0,,Yes
1453,108,2023-05-28,Home,9,363.51,20,52.0,SPb,10.0,3,Yes
1454,5,2023-12-15,Electronics,6,248.84,0,31.0,Moscow ,13.0,5,No
1455,103,2023-03-04,Sports,6,318.54,20,39.0,Moscow,1.0,1,Yes
1456,196,2023-11-06,Clothing,4,403.74,25,68.0,Moscow,4.0,1,No
1457,262,2023-08-31,Sports,4,201.95,5,40.0,Kazan,12.0,1,No
1458,365,2023-11-26,Home,5,403.96,5,65.0,Kazan,13.0,5,Yes
1459,372,2023-04-17,Clothing,3,298.05,15,24.0,Ekaterinburg,13.0,1,No
1460,350,2023-08-14,Home,1,87.12,10,57.0,Moscow ,11.0,2,No
1461,47,2023-11-09,Clothing,1,17.22,15,67.0,spb,13.0,5,No
1462,355,2023-08-06,Books,7,184.56,20,42.0,Moscow,4.0,5,No
1463,311,2023-08-29,Electronics,1,275.61,25,30.0,Moscow,10.0,5,No
1464,308,2023-09-16,Electronics,1,420.71,0,,Moscow,9.0,3,No
1465,144,2023-09-19,Home,3,68.11,15,58.0,spb,3.0,3,No
1466,269,2023-01-05,Electronics,4,401.1,10,27.0,Moscow,2.0,3,No
1467,370,2023-09-18,Home,4,432.19,15,70.0,Novosibirsk,,4,No
1468,124,2023-02-23,Home,2,79.59,5,72.0,Moscow ,,,No
1469,106,2023-02-16,Home,1,426.54,20,26.0,SPb,1.0,5,No
1470,158,2023-08-03,Electronics,3,495.77,20,32.0,SPb,6.0,5,No
1471,147,2023-06-26,Home,4,364.79,20,69.0,,10.0,3,No
1472,145,2023-01-09,Electronics,3,393.46,20,19.0,,8.0,5,No
1473,120,2023-04-09,Home,8,497.24,20,42.0,Moscow,3.0,5,No
1474,319,2023-01-20,Sports,1,304.71,20,30.0,Moscow,11.0,1,No
1475,275,2023-08-29,Home,2,157.4,0,51.0,Kazan,9.0,5,No
1476,92,2023-03-02,Clothing,7,419.58,10,68.0,Kazan,2.0,4,No
1477,58,2023-06-27,Home,4,309.17,20,51.0,Ekaterinburg,6.0,3,No
1478,346,2023-12-04,Books,8,292.69,10,52.0,Moscow,1.0,2,No
1479,229,2023-03-03,Home,3,130.55,25,55.0,Ekaterinburg,13.0,2,No
1480,117,2023-05-25,Clothing,6,379.39,20,20.0,Novosibirsk,7.0,1,No
1481,318,2023-08-04,Clothing,9,45.43,15,59.0,SPb,3.0,2,No
1482,279,2023-01-03,Electronics,1,462.52,20,73.0,Moscow,7.0,2,No
1483,127,2023-06-09,Sports,1,166.28,5,23.0,Moscow ,4.0,3,No
1484,393,2023-08-15,Home,8,68.25,0,72.0,spb,9.0,3,No
1485,396,2023-09-26,Electronics,3,223.97,15,65.0,Novosibirsk,5.0,4,Yes
1486,129,2023-04-30,Sports,5,26.02,15,66.0,Moscow,3.0,1,No
1487,58,2023-03-30,Home,1,343.89,5,36.0,spb,8.0,2,No
1488,122,2023-11-25,Books,5,451.84,20,20.0,Moscow ,6.0,,No
1489,1,2023-03-09,Home,6,419.45,0,,Kazan,2.0,1,No
1490,239,2023-12-23,Clothing,8,68.05,15,56.0,Ekaterinburg,3.0,2,No
1491,290,2023-04-08,Clothing,3,67.5,0,26.0,Kazan,8.0,2,No
1492,96,2023-09-24,Books,3,407.65,15,,SPb,10.0,,Yes
1493,126,2023-04-15,Electronics,9,462.51,20,29.0,Kazan,7.0,5,No
1494,118,2023-11-19,Sports,4,233.03,25,22.0,Moscow,10.0,1,No
1495,48,2023-05-03,Home,4,251.99,15,,Moscow ,6.0,2,No
1496,89,2023-01-29,Clothing,7,162.54,25,28.0,Kazan,,1,No
1497,237,2023-05-17,Electronics,2,447.66,15,74.0,,1.0,4,No
1498,373,2023-07-14,Books,8,324.23,10,47.0,SPb,9.0,4,No
1499,385,2023-08-14,Clothing,6,147.68,20,21.0,spb,3.0,5,No
1500,272,2023-11-28,Books,3,152.9,5,22.0,Moscow ,14.0,2,No
1501,189,2023-06-19,Home,9,446.14,25,18.0,Kazan,999.0,3,No
1502,192,2023-01-09,Sports,5,11.75,5,44.0,Ekaterinburg,7.0,2,No
1503,69,2023-02-09,Clothing,8,164.75,20,45.0,Ekaterinburg,7.0,1,No
1504,278,2023-01-25,Clothing,7,279.41,5,46.0,Moscow ,3.0,4,No
1505,349,2023-09-18,Home,8,9999.99,20,,Ekaterinburg,4.0,,No
1506,247,2023-08-14,Electronics,7,50.59,5,29.0,Kazan,10.0,5,No
1507,76,2023-05-04,Sports,3,408.56,25,30.0,Kazan,7.0,4,No
1508,154,2023-02-07,Clothing,2,447.73,10,58.0,Moscow ,8.0,3,Yes
1509,144,2023-11-24,Sports,7,412.69,5,19.0,Kazan,2.0,4,No
1510,86,2023-09-08,Clothing,3,449.9,25,54.0,,9.0,,No
1511,185,2023-06-25,Sports,3,278.79,15,62.0,Moscow,7.0,2,No
1512,285,2023-03-31,Books,2,407.07,20,33.0,SPb,13.0,4,No
1513,220,2023-02-06,Clothing,4,195.1,0,65.0,,8.0,5,No
1514,69,2023-11-12,Sports,8,334.8,0,41.0,spb,6.0,2,No
1515,47,2023-06-25,Electronics,1,494.47,20,52.0,Ekaterinburg,,2,No
1516,94,2023-10-11,Books,1,116.74,10,39.0,Moscow,9.0,3,No
1517,238,2023-03-22,Books,5,198.0,5,53.0,Moscow ,4.0,4,No
1518,204,2023-04-24,Electronics,5,242.62,10,28.0,MOSCOW,11.0,2,No
1519,218,2023-02-09,Sports,1,73.32,0,72.0,Ekaterinburg,11.0,5,No
1520,341,2023-10-28,Home,6,45.11,25,63.0,Moscow,5.0,1,No
1521,39,2023-08-12,Electronics,1,415.71,20,46.0,Kazan,9.0,4,No
1522,100,2023-11-14,Sports,5,488.51,20,52.0,Moscow ,1.0,3,No
1523,289,2023-12-15,Electronics,9,205.34,10,65.0,MOSCOW,4.0,2,No
1524,254,2023-04-25,Electronics,5,48.39,25,71.0,Moscow ,7.0,5,No
1525,222,2023-07-05,Clothing,6,37.58,10,32.0,MOSCOW,11.0,4,No
1526,357,2023-11-19,Sports,8,446.2,5,48.0,MOSCOW,9.0,5,No
1527,23,2023-02-25,Home,1,234.59,15,59.0,Ekaterinburg,,5,No
1528,250,2023-02-09,Clothing,2,163.41,25,58.0,Kazan,13.0,3,No
1529,10,2023-12-20,Electronics,9,240.85,15,60.0,Ekaterinburg,11.0,4,No
1530,246,2023-02-09,Electronics,3,162.56,5,33.0,MOSCOW,12.0,2,No
1531,325,2023-12-13,Electronics,6,247.07,15,,MOSCOW,13.0,3,Yes
1532,100,2023-08-25,Sports,5,430.48,0,66.0,Novosibirsk,10.0,2,No
1533,290,2023-10-16,Sports,2,298.19,15,49.0,Moscow,6.0,1,No
1534,180,2023-09-19,Clothing,7,348.85,5,68.0,Novosibirsk,12.0,5,No
1535,223,2023-08-04,Home,4,185.51,15,19.0,Moscow,8.0,1,No
1536,394,2023-05-27,Clothing,1,370.56,20,41.0,SPb,13.0,,No
1537,250,2023-12-02,Books,4,9999.99,10,40.0,spb,9.0,3,Yes
1538,147,2023-06-17,Electronics,6,64.18,0,,Moscow ,10.0,2,No
1539,96,2023-04-02,Electronics,7,288.46,20,55.0,Ekaterinburg,4.0,2,No
1540,257,2023-12-19,Electronics,7,132.09,20,48.0,SPb,1.0,3,No
1541,325,2023-02-28,Clothing,7,403.03,5,68.0,SPb,14.0,4,No
1542,4,2023-02-28,Clothing,3,215.84,10,57.0,Moscow ,8.0,1,No
1543,16,2023-10-31,Electronics,6,497.37,10,43.0,Moscow ,2.0,1,No
1544,280,2023-06-18,Clothing,8,50.79,25,46.0,Moscow,11.0,2,No
1545,336,2023-09-26,Sports,4,391.27,0,20.0,Novosibirsk,1.0,2,No
1546,247,2023-12-29,Sports,8,338.48,5,31.0,Kazan,13.0,2,No
1547,258,2023-02-14,Clothing,2,384.91,0,42.0,Moscow,,3,No
1548,384,2023-12-11,Electronics,9,157.23,25,65.0,Kazan,12.0,4,No
1549,160,2023-06-30,Clothing,9,248.57,15,18.0,SPb,10.0,1,No
1550,340,2023-06-19,Clothing,8,399.27,20,70.0,Kazan,9.0,,No
1551,152,2023-12-22,Clothing,1,120.11,0,20.0,Novosibirsk,11.0,3,No
1552,396,2023-07-10,Books,2,116.89,20,71.0,Moscow,12.0,1,No
1553,178,2023-06-04,Sports,6,277.77,5,,MOSCOW,12.0,4,No
1554,163,2023-07-07,Home,5,264.16,15,35.0,Moscow ,9.0,3,No
1555,380,2023-01-07,Home,9,144.72,5,26.0,MOSCOW,3.0,1,No
1556,33,2023-05-13,Books,5,152.55,15,55.0,,6.0,3,No
1557,179,2023-08-23,Clothing,2,142.53,15,40.0,spb,7.0,1,No
1558,101,2023-02-14,Books,4,386.9,20,38.0,Novosibirsk,14.0,1,No
1559,268,2023-11-10,Books,9,327.69,5,74.0,,10.0,4,No
1560,323,2023-09-06,Electronics,1,417.05,5,18.0,Moscow,9.0,5,No
1561,65,2023-01-31,Sports,1,487.86,0,38.0,Moscow ,,,No
1562,168,2023-01-23,Home,7,239.71,5,44.0,Novosibirsk,8.0,1,No
1563,330,2023-06-09,Clothing,3,38.01,0,,MOSCOW,14.0,,No
1564,43,2023-12-29,Home,2,28.81,10,23.0,spb,7.0,4,No
1565,44,2023-06-07,Home,9,151.35,10,72.0,Moscow ,4.0,5,No
1566,285,2023-02-08,Sports,3,466.61,10,61.0,Ekaterinburg,,1,No
1567,397,2023-03-23,Home,2,263.99,25,53.0,Ekaterinburg,,4,No
1568,12,2023-12-22,Home,8,139.53,5,45.0,Ekaterinburg,11.0,4,No
1569,95,2023-09-15,Books,6,202.59,25,62.0,Kazan,5.0,4,No
1570,302,2023-07-25,Sports,6,301.3,5,34.0,Novosibirsk,6.0,4,No
1571,386,2023-03-18,Electronics,7,328.21,0,57.0,Moscow,14.0,3,No
1572,253,2023-01-12,Clothing,7,81.19,25,69.0,MOSCOW,,5,No
1573,242,2023-10-22,Home,6,488.63,25,20.0,Moscow,7.0,5,No
1574,35,2023-08-12,Clothing,4,274.66,25,29.0,Kazan,10.0,1,No
1575,215,2023-01-13,Electronics,9,72.17,15,56.0,Moscow,1.0,2,No
1576,337,2023-02-15,Clothing,6,447.35,0,29.0,spb,8.0,3,No
1577,90,2023-06-04,Electronics,4,41.95,10,19.0,Ekaterinburg,4.0,1,No
1578,264,2023-04-23,Books,3,454.33,0,73.0,MOSCOW,13.0,1,No
1579,93,2023-08-21,Home,4,498.3,15,63.0,Novosibirsk,9.0,4,No
1580,90,2023-01-17,Electronics,3,351.71,5,39.0,Moscow,1.0,2,No
1581,115,2023-12-26,Clothing,2,386.37,0,40.0,Moscow,11.0,2,No
1582,105,2023-08-11,Home,5,171.96,25,47.0,SPb,2.0,3,No
1583,391,2023-12-20,Books,2,471.08,10,22.0,SPb,14.0,2,No
1584,196,2023-07-07,Home,6,267.21,10,26.0,SPb,6.0,1,No
1585,314,2023-12-10,Electronics,3,367.53,5,38.0,Novosibirsk,11.0,2,No
1586,114,2023-12-31,Books,6,462.43,0,28.0,Ekaterinburg,,2,No
1587,75,2023-06-12,Clothing,9,487.71,15,22.0,Moscow ,11.0,5,No
1588,376,2023-11-22,Books,1,417.44,5,52.0,Ekaterinburg,14.0,1,No
1589,217,2023-03-15,Books,6,154.99,0,44.0,MOSCOW,1.0,2,No
1590,277,2023-08-21,Sports,9,483.44,20,66.0,,4.0,2,No
1591,249,2023-08-12,Books,4,315.92,10,19.0,Novosibirsk,8.0,4,No
1592,164,,Books,2,465.67,15,41.0,spb,10.0,2,No
1593,394,2023-03-01,Home,4,339.67,25,48.0,,5.0,2,No
1594,357,2023-12-01,Clothing,1,157.08,15,50.0,Novosibirsk,13.0,5,No
1595,192,2023-08-10,Home,3,188.16,25,,SPb,9.0,1,No
1596,227,2023-02-06,Home,9,277.48,15,47.0,Moscow,,3,No
1597,177,2023-10-05,Electronics,5,396.06,10,63.0,Kazan,11.0,1,No
1598,99,2023-07-15,Home,6,162.4,25,54.0,Kazan,6.0,4,No
1599,36,2023-12-18,Sports,3,291.97,0,68.0,Moscow ,1.0,1,No
1600,96,2023-08-30,Sports,5,176.08,25,45.0,Moscow,6.0,2,No
1601,152,2023-11-20,Electronics,8,408.81,5,48.0,Moscow ,6.0,4,No
1602,151,2023-08-07,Clothing,6,236.03,0,28.0,SPb,13.0,1,No
1603,190,2023-07-11,Clothing,4,42.98,5,40.0,Moscow ,,4,No
1604,224,2023-01-17,Home,2,87.2,15,,Moscow,8.0,3,No
1605,37,2023-01-12,Home,9,35.25,0,19.0,MOSCOW,6.0,1,No
1606,268,2023-07-12,Home,1,252.15,15,57.0,Moscow,5.0,,No
1607,369,2023-01-22,Clothing,1,57.64,20,58.0,Kazan,11.0,4,No
1608,183,2023-04-30,Books,4,61.5,15,44.0,spb,2.0,5,No
1609,13,2023-07-29,Sports,7,470.82,15,52.0,SPb,4.0,4,No
1610,279,2023-11-02,Books,1,436.96,5,19.0,MOSCOW,14.0,5,No
1611,217,2023-09-27,Books,9,228.78,25,56.0,Novosibirsk,10.0,2,No
1612,355,2023-07-11,Clothing,4,492.97,20,54.0,MOSCOW,5.0,3,Yes
1613,361,2023-06-24,Books,3,5.09,15,38.0,MOSCOW,10.0,5,Yes
1614,286,2023-10-12,Electronics,1,308.92,15,22.0,Moscow ,4.0,3,No
1615,273,2023-07-23,Home,4,310.13,20,69.0,Kazan,2.0,4,No
1616,369,2023-06-13,Electronics,9,231.43,20,62.0,Moscow ,7.0,2,No
1617,62,2023-09-08,Sports,6,9999.99,0,38.0,Moscow ,10.0,5,No
1618,84,2023-08-15,Home,6,230.41,5,46.0,Novosibirsk,,4,No
1619,368,2023-01-07,Books,1,210.41,20,37.0,SPb,2.0,1,Yes
1620,217,2023-01-29,Sports,2,366.59,20,55.0,Moscow,1.0,4,No
1621,342,2023-02-02,Home,6,72.0,10,37.0,Ekaterinburg,14.0,3,No
1622,397,2023-05-14,Books,2,102.83,25,67.0,Moscow ,5.0,2,No
1623,187,2023-03-20,Electronics,3,94.36,20,42.0,Ekaterinburg,12.0,2,No
1624,19,2023-02-27,Home,4,134.92,5,19.0,SPb,13.0,4,No
1625,177,2023-01-26,Books,5,265.0,25,74.0,Ekaterinburg,1.0,1,No
1626,100,2023-08-14,Electronics,9,60.05,25,49.0,,,3,No
1627,396,2023-10-12,Sports,4,434.74,15,43.0,Novosibirsk,1.0,,Yes
1628,233,2023-01-04,Sports,9,152.19,15,23.0,Ekaterinburg,6.0,4,No
1629,76,2023-04-09,Sports,3,85.46,15,58.0,SPb,9.0,2,No
1630,265,2023-02-08,Sports,8,339.43,15,74.0,SPb,,3,No
1631,284,2023-09-28,Clothing,1,23.85,10,20.0,spb,13.0,1,Yes
1632,206,2023-10-12,Home,9,311.88,20,50.0,spb,11.0,2,No
1633,223,2023-06-06,Home,9,350.61,15,18.0,Novosibirsk,12.0,4,No
1634,384,2023-03-16,Clothing,2,111.38,0,,Ekaterinburg,1.0,2,No
1635,52,2023-10-15,Books,4,25.77,15,22.0,Ekaterinburg,5.0,2,Yes
1636,339,2023-05-10,Books,8,185.0,20,30.0,spb,9.0,5,No
1637,367,2023-06-24,Sports,7,53.8,15,36.0,Moscow,14.0,2,No
1638,144,2023-03-25,Electronics,1,62.66,10,29.0,Kazan,9.0,2,No
1639,373,2023-01-22,Books,5,130.86,5,65.0,SPb,1.0,3,No
1640,69,2023-01-27,Electronics,7,151.26,5,42.0,Moscow,,2,No
1641,99,2023-07-14,Home,4,267.34,20,74.0,,1.0,1,No
1642,396,2023-12-03,Electronics,1,340.8,5,68.0,MOSCOW,8.0,4,No
1643,25,2023-08-24,Home,9,298.42,5,52.0,,1.0,3,No
1644,379,2023-04-02,Clothing,5,78.44,0,29.0,Moscow,12.0,2,No
1645,53,2023-01-21,Clothing,2,90.18,20,47.0,MOSCOW,5.0,1,Yes
1646,151,2023-10-30,Sports,8,439.99,20,22.0,spb,8.0,4,No
1647,144,2023-12-23,Books,2,281.38,5,51.0,spb,6.0,3,No
1648,57,2023-03-25,Sports,3,435.62,5,39.0,Kazan,9.0,,No
1649,39,2023-09-19,Home,1,188.92,5,56.0,Moscow,1.0,2,No
1650,109,2023-05-27,Sports,2,309.13,25,30.0,SPb,9.0,5,No
1651,181,2023-09-14,Electronics,7,264.21,10,74.0,Ekaterinburg,1.0,5,No
1652,42,2023-02-27,Home,2,162.97,15,64.0,SPb,10.0,3,Yes
1653,186,2023-01-15,Clothing,6,237.61,10,71.0,,10.0,1,No
1654,398,2023-06-11,Books,3,253.73,20,20.0,,3.0,,Yes
1655,223,2023-06-12,Home,4,104.38,0,70.0,Novosibirsk,1.0,1,No
1656,122,2023-11-16,Home,8,160.93,15,37.0,Novosibirsk,3.0,5,No
1657,133,2023-10-08,Electronics,3,396.75,0,48.0,spb,,,No
1658,163,2023-10-07,Books,6,458.32,25,22.0,Moscow ,11.0,2,No
1659,215,2023-01-12,Clothing,1,183.1,20,41.0,Novosibirsk,13.0,1,No
1660,221,2023-10-01,Home,7,156.95,25,57.0,MOSCOW,2.0,5,Yes
1661,235,2023-09-28,Home,8,101.62,20,71.0,spb,2.0,4,No
1662,331,2023-07-27,Electronics,8,340.85,0,50.0,Novosibirsk,9.0,,No
1663,146,2023-01-27,Sports,3,164.93,0,25.0,spb,8.0,,No
1664,239,2023-03-13,Clothing,1,493.94,0,41.0,Kazan,1.0,1,No
1665,76,2023-03-01,Books,9,166.21,20,67.0,Ekaterinburg,12.0,,No
1666,9,2023-05-25,Home,6,200.1,5,37.0,Ekaterinburg,14.0,2,No
1667,74,2023-04-03,Home,9,303.65,0,33.0,,,5,No
1668,253,2023-11-05,Clothing,7,401.83,25,67.0,Moscow ,,5,No
1669,230,2023-01-08,Sports,1,237.41,15,69.0,spb,1.0,4,No
1670,7,2023-03-20,Home,1,214.21,20,29.0,Moscow,1.0,5,No
1671,174,2023-01-27,Clothing,6,497.84,25,30.0,SPb,12.0,3,No
1672,141,2023-06-23,Electronics,5,10.19,10,62.0,SPb,12.0,4,No
1673,168,2023-02-19,Sports,9,448.06,10,59.0,spb,4.0,5,No
1674,170,2023-07-18,Books,2,78.82,15,56.0,spb,2.0,1,No
1675,393,2023-12-15,Home,8,394.03,5,42.0,SPb,3.0,5,No
1676,283,2023-06-30,Clothing,5,310.88,0,63.0,SPb,11.0,3,Yes
1677,122,2023-01-24,Electronics,2,174.21,20,49.0,Ekaterinburg,9.0,2,No
1678,194,2023-11-12,Books,6,437.57,25,41.0,Moscow,2.0,2,No
1679,5,2023-02-15,Clothing,8,11.39,0,65.0,MOSCOW,4.0,5,No
1680,29,2023-01-15,Clothing,4,117.21,25,64.0,SPb,,2,No
1681,165,2023-06-02,Books,2,285.61,20,61.0,MOSCOW,2.0,5,No
1682,339,2023-08-10,Electronics,5,179.01,10,26.0,Ekaterinburg,5.0,3,No
1683,136,2023-07-25,Electronics,2,307.14,0,57.0,SPb,,2,No
1684,365,2023-09-30,Sports,2,16.93,15,67.0,Novosibirsk,10.0,1,No
1685,321,2023-08-24,Home,6,62.65,5,40.0,SPb,1.0,5,No
1686,342,2023-12-06,Books,9,67.91,15,67.0,spb,,2,No
1687,145,2023-08-16,Books,4,98.7,5,30.0,Moscow ,7.0,3,No
1688,327,2023-01-09,Books,6,232.37,25,49.0,Moscow ,4.0,,No
1689,217,2023-06-15,Electronics,7,377.3,0,67.0,SPb,,1,No
1690,301,2023-11-15,Home,6,453.24,0,32.0,Kazan,8.0,3,Yes
1691,132,2023-08-02,Sports,8,418.51,5,53.0,Novosibirsk,13.0,3,No
1692,292,2023-04-27,Clothing,4,102.46,10,66.0,Moscow,6.0,,No
1693,70,2023-12-10,Clothing,1,223.37,20,22.0,SPb,14.0,5,No
1694,252,2023-03-13,Books,7,103.71,15,39.0,MOSCOW,2.0,4,No
1695,275,2023-03-05,Home,3,135.91,25,33.0,Moscow,1.0,3,No
1696,364,2023-07-24,Electronics,6,254.26,15,58.0,Novosibirsk,8.0,3,No
1697,182,2023-07-28,Home,2,38.71,15,27.0,SPb,8.0,4,No
1698,167,2023-03-13,Home,9,113.0,25,,Kazan,9.0,3,No
1699,91,2023-10-04,Electronics,1,468.01,25,35.0,Ekaterinburg,6.0,2,No
1700,202,2023-10-01,Books,6,235.73,0,66.0,Kazan,12.0,2,No
1701,346,2023-11-16,Home,6,225.47,15,35.0,spb,1.0,4,No
1702,19,2023-12-04,Clothing,5,12.21,20,24.0,Kazan,14.0,3,No
1703,39,2023-04-05,Electronics,5,127.46,20,21.0,MOSCOW,9.0,3,No
1704,126,2023-06-15,Sports,1,433.81,5,43.0,Ekaterinburg,12.0,5,No
1705,173,2023-02-01,Books,5,86.49,25,22.0,spb,13.0,3,Yes
1706,141,2023-01-11,Electronics,2,210.49,0,72.0,Ekaterinburg,14.0,2,No
1707,242,2023-10-28,Sports,7,12.09,20,33.0,Moscow ,3.0,1,No
1708,220,2023-08-05,Sports,3,241.78,10,52.0,Ekaterinburg,11.0,1,No
1709,126,2023-10-16,Home,4,15.41,0,43.0,SPb,6.0,,No
1710,58,2023-04-12,Home,3,410.71,0,35.0,Moscow,10.0,1,No
1711,148,2023-09-24,Home,3,413.3,20,46.0,Moscow ,13.0,3,No
1712,317,2023-08-02,Electronics,4,394.93,10,40.0,Moscow ,10.0,3,No
1713,383,2023-06-28,Electronics,5,145.27,5,70.0,,11.0,5,No
1714,361,2023-03-29,Books,1,419.43,20,31.0,MOSCOW,12.0,,No
1715,1,2023-02-10,Home,4,273.78,10,32.0,Moscow ,14.0,1,No
1716,387,2023-03-17,Sports,8,190.04,0,66.0,Ekaterinburg,9.0,4,No
1717,348,2023-02-15,Clothing,7,314.54,10,,Kazan,11.0,4,No
1718,190,2023-06-09,Books,9,11.11,0,42.0,Novosibirsk,13.0,2,Yes
1719,191,2023-03-21,Electronics,5,75.77,20,38.0,MOSCOW,3.0,2,Yes
1720,369,2023-11-06,Books,4,372.44,25,34.0,Ekaterinburg,5.0,3,No
1721,312,2023-03-27,Books,8,125.86,20,40.0,spb,13.0,4,No
1722,117,2023-04-02,Books,9,301.01,15,74.0,spb,14.0,1,No
1723,134,2023-05-28,Books,7,195.63,15,60.0,Kazan,5.0,1,Yes
1724,58,2023-06-10,Clothing,7,428.13,15,,MOSCOW,10.0,1,No
1725,44,2023-07-21,Home,5,476.45,20,31.0,MOSCOW,7.0,3,No
1726,173,2023-08-30,Sports,4,442.36,5,,Kazan,4.0,,No
1727,160,2023-12-19,Books,1,138.96,20,37.0,MOSCOW,11.0,5,No
1728,173,2023-01-02,Books,7,101.11,25,47.0,Moscow ,,1,No
1729,317,2023-08-13,Books,1,239.85,10,36.0,SPb,7.0,1,No
1730,303,2023-10-16,Home,1,8.63,20,70.0,SPb,9.0,3,No
1731,149,2023-08-21,Electronics,5,17.78,20,,MOSCOW,11.0,3,No
1732,80,2023-03-18,Electronics,9,278.88,0,73.0,Moscow ,4.0,5,No
1733,374,2023-04-26,Clothing,6,262.62,0,30.0,Moscow ,4.0,5,No
1734,213,2023-06-03,Electronics,3,497.32,0,35.0,Moscow,6.0,2,No
1735,203,2023-04-13,Books,3,104.91,20,40.0,Moscow,6.0,4,No
1736,252,2023-07-13,Books,7,132.76,5,63.0,Novosibirsk,7.0,1,No
1737,229,2023-06-15,Books,6,61.2,10,50.0,Novosibirsk,1.0,1,No
1738,164,2023-12-25,Clothing,9,459.18,10,56.0,Novosibirsk,13.0,5,No
1739,227,2023-03-31,Books,6,390.02,25,,,11.0,5,Yes
1740,147,2023-06-23,Electronics,5,412.06,5,,Kazan,14.0,2,No
1741,20,2023-05-02,Home,7,451.87,5,,Kazan,3.0,4,No
1742,47,2023-05-23,Home,1,264.83,10,50.0,,9.0,2,No
1743,233,2023-04-16,Sports,7,228.34,15,49.0,SPb,6.0,4,No
1744,305,2023-11-01,Electronics,3,168.54,0,71.0,Moscow ,6.0,1,No
1745,14,2023-12-26,Books,9,296.66,0,34.0,spb,5.0,2,No
1746,143,2023-11-13,Home,6,229.87,10,36.0,SPb,11.0,5,No
1747,1,2023-05-03,Electronics,9,228.52,5,44.0,Ekaterinburg,3.0,2,No
1748,373,2023-01-09,Home,5,468.78,25,23.0,Kazan,11.0,2,No
1749,54,2023-09-19,Books,7,492.1,15,52.0,Novosibirsk,5.0,1,No
1750,374,2023-03-14,Home,4,399.26,10,73.0,Novosibirsk,14.0,5,No
1751,259,2023-12-25,Sports,7,379.6,0,54.0,Ekaterinburg,1.0,5,No
1752,144,2023-08-11,Sports,1,341.88,20,-5.0,SPb,3.0,3,No
1753,12,2023-02-10,Home,7,87.21,5,37.0,Novosibirsk,4.0,3,No
1754,330,2023-07-23,Electronics,8,34.26,20,42.0,SPb,5.0,3,No
1755,224,2023-09-21,Electronics,5,346.91,25,21.0,Moscow ,10.0,1,Yes
1756,272,2023-11-24,Electronics,2,365.75,10,27.0,Ekaterinburg,9.0,,No
1757,358,2023-06-27,Home,5,28.25,0,27.0,spb,,5,No
1758,156,2023-12-14,Electronics,6,464.39,15,41.0,,3.0,5,No
1759,373,2023-11-14,Books,2,50.11,20,38.0,Moscow ,,2,No
1760,8,2023-03-25,Sports,6,146.52,15,28.0,MOSCOW,1.0,5,No
1761,122,2023-11-14,Books,6,337.83,25,44.0,MOSCOW,13.0,2,No
1762,348,2023-04-21,Electronics,1,89.09,0,33.0,SPb,10.0,1,No
1763,164,2023-09-08,Books,1,32.43,20,43.0,MOSCOW,6.0,1,No
1764,90,2023-01-07,Electronics,3,168.92,25,47.0,SPb,7.0,1,No
1765,136,2023-03-25,Home,3,384.16,15,66.0,Novosibirsk,10.0,2,No
1766,186,2023-07-27,Books,4,209.77,15,33.0,Moscow,8.0,2,No
1767,316,2023-11-10,Home,2,328.22,20,,MOSCOW,12.0,4,No
1768,178,2023-01-22,Home,9,291.91,0,33.0,Kazan,1.0,5,No
1769,28,2023-01-03,Clothing,7,16.0,15,,SPb,12.0,5,No
1770,220,2023-05-07,Electronics,7,494.33,10,33.0,SPb,,4,No
1771,357,2023-10-24,Sports,6,25.51,25,57.0,SPb,11.0,4,No
1772,41,2023-07-07,Electronics,3,484.06,20,29.0,Moscow,5.0,1,No
1773,228,2023-12-28,Sports,6,277.18,5,,Moscow ,2.0,4,No
1774,192,2023-01-14,Electronics,8,481.76,5,66.0,MOSCOW,1.0,2,No
1775,145,2023-01-12,Home,8,61.8,0,38.0,spb,8.0,3,No
1776,201,2023-03-28,Books,9,247.75,10,67.0,spb,6.0,2,No
1777,212,2023-01-12,Books,1,88.9,15,60.0,,,4,No
1778,220,2023-01-25,Clothing,1,30.23,5,53.0,Novosibirsk,13.0,5,No
1779,240,2023-10-28,Sports,3,310.68,0,65.0,Moscow,9.0,2,No
1780,397,2023-08-31,Sports,3,107.85,25,34.0,Moscow ,13.0,5,No
1781,46,2023-05-02,Sports,8,295.91,10,49.0,SPb,11.0,2,No
1782,35,2023-05-27,Home,1,60.62,10,58.0,,13.0,5,No
1783,253,2023-02-24,Sports,2,169.33,0,23.0,Moscow,11.0,2,No
1784,390,2023-08-26,Books,2,391.91,0,41.0,Moscow,2.0,5,Yes
1785,82,2023-12-22,Home,3,221.34,15,44.0,Moscow,10.0,3,No
1786,371,2023-06-22,Electronics,6,315.73,0,37.0,Ekaterinburg,12.0,,No
1787,256,2023-08-09,Sports,1,325.49,15,42.0,Kazan,8.0,,No
1788,197,2023-04-29,Sports,2,422.66,15,19.0,Novosibirsk,11.0,3,No
1789,303,2023-11-05,Electronics,1,165.84,20,26.0,Ekaterinburg,14.0,1,No
1790,10,2023-07-02,Sports,5,345.21,10,45.0,Ekaterinburg,10.0,2,No
1791,312,2023-10-15,Electronics,7,481.0,25,70.0,MOSCOW,13.0,3,No
1792,286,2023-11-03,Home,8,366.47,10,55.0,Kazan,9.0,3,No
1793,242,2023-10-27,Books,1,247.49,10,20.0,Ekaterinburg,1.0,3,No
1794,251,2023-03-23,Electronics,7,317.21,20,37.0,Moscow,7.0,4,Yes
1795,365,2023-07-30,Clothing,5,371.14,15,23.0,Moscow,8.0,5,No
1796,5,2023-05-30,Electronics,1,308.08,15,56.0,MOSCOW,3.0,1,No
1797,119,2023-02-06,Sports,3,13.25,0,50.0,Moscow ,14.0,5,No
1798,289,2023-12-18,Home,7,101.41,20,72.0,SPb,4.0,5,No
1799,374,2023-11-08,Home,1,406.18,0,18.0,Ekaterinburg,,5,No
1800,65,2023-12-27,Electronics,7,139.96,20,54.0,,3.0,3,No
1801,146,2023-02-28,Books,5,367.12,0,23.0,,7.0,5,No
1802,224,2023-05-11,Clothing,1,189.2,5,62.0,spb,9.0,4,No
1803,239,2023-07-21,Home,1,263.33,10,51.0,Moscow,,2,No
1804,177,2023-08-31,Sports,1,38.65,10,,,13.0,3,No
1805,267,2023-02-04,Sports,9,94.71,25,32.0,Novosibirsk,6.0,1,No
1806,341,2023-04-03,Books,3,478.81,15,62.0,MOSCOW,8.0,2,No
1807,282,2023-07-26,Home,5,445.62,25,43.0,Moscow ,6.0,,No
1808,63,2023-12-19,Electronics,9,327.88,5,74.0,spb,2.0,,No
1809,217,2023-11-28,Sports,6,232.52,25,31.0,spb,13.0,,No
1810,342,2023-11-01,Books,9,339.5,10,71.0,MOSCOW,7.0,,No
1811,315,2023-12-16,Home,8,311.21,15,24.0,Kazan,,3,No
1812,283,2023-08-01,Home,8,286.43,5,63.0,MOSCOW,2.0,5,Yes
1813,177,2023-06-08,Home,1,34.29,10,48.0,Moscow,2.0,5,No
1814,98,2023-01-24,Home,9,318.24,0,41.0,Novosibirsk,11.0,5,Yes
1815,105,2023-10-20,Home,6,385.62,20,48.0,Kazan,1.0,3,No
1816,99,2023-01-04,Sports,9,497.07,5,46.0,,14.0,3,No
1817,385,2023-08-08,Books,3,10.48,15,59.0,,11.0,4,No
1818,311,2023-12-30,Home,3,366.44,25,49.0,Moscow ,,4,No
1819,6,2023-01-20,Clothing,6,288.04,25,34.0,Kazan,14.0,4,No
1820,197,2023-06-01,Clothing,9,219.86,5,31.0,Kazan,7.0,4,Yes
1821,351,2023-02-19,Books,7,68.15,15,57.0,Moscow,13.0,2,No
1822,133,2023-06-26,Electronics,3,207.5,5,53.0,MOSCOW,14.0,2,No
1823,358,2023-04-06,Electronics,3,180.42,15,65.0,SPb,14.0,4,No
1824,259,2023-04-15,Electronics,2,154.9,25,41.0,Moscow ,14.0,4,No
1825,23,2023-09-07,Clothing,9,366.79,10,62.0,Moscow ,12.0,1,No
1826,53,2023-04-27,Electronics,3,351.86,0,,MOSCOW,5.0,2,No
1827,165,2023-12-20,Sports,5,296.56,10,44.0,,11.0,1,No
1828,202,2023-08-16,Home,9,469.64,0,42.0,Kazan,3.0,1,No
1829,83,2023-03-07,Clothing,8,178.18,25,49.0,,1.0,5,No
1830,145,2023-12-01,Books,2,125.68,10,69.0,SPb,11.0,3,No
1831,85,2023-09-19,Books,3,329.67,10,35.0,Moscow ,,,No
1832,78,2023-10-22,Home,2,103.41,5,63.0,,6.0,4,No
1833,366,2023-08-31,Clothing,8,160.93,20,35.0,Ekaterinburg,11.0,4,No
1834,1,2023-07-05,Electronics,6,116.18,25,54.0,Ekaterinburg,1.0,3,No
1835,51,2023-09-03,Electronics,6,39.23,15,43.0,SPb,,2,Yes
1836,173,2023-05-05,Sports,9,414.61,25,26.0,Novosibirsk,2.0,4,Yes
1837,205,2023-09-25,Sports,8,131.0,15,52.0,Moscow,1.0,4,No
1838,260,2023-05-11,Electronics,4,239.15,15,25.0,SPb,12.0,5,No
1839,369,2023-08-25,Books,4,26.44,0,37.0,,7.0,1,Yes
1840,288,2023-01-18,Books,9,351.17,15,71.0,MOSCOW,6.0,4,No
1841,34,,Sports,1,168.63,15,59.0,,6.0,2,No
1842,348,2023-01-21,Home,2,373.64,5,39.0,Kazan,14.0,3,No
1843,95,2023-08-13,Electronics,2,209.14,10,36.0,Ekaterinburg,5.0,5,No
1844,72,2023-12-21,Sports,6,101.9,25,47.0,,11.0,2,No
1845,39,2023-10-09,Sports,4,259.02,25,70.0,Moscow,4.0,5,No
1846,154,2023-01-08,Electronics,3,69.6,15,45.0,Kazan,11.0,1,No
1847,250,2023-04-10,Electronics,3,223.07,20,52.0,SPb,4.0,,No
1848,162,2023-08-28,Books,3,162.07,25,60.0,Kazan,3.0,,No
1849,118,2023-03-28,Home,6,456.42,15,28.0,Novosibirsk,,3,No
1850,259,2023-10-25,Home,8,35.16,0,48.0,MOSCOW,,1,No
1851,379,2023-01-14,Electronics,7,348.54,0,66.0,SPb,7.0,1,No
1852,306,2023-11-30,Clothing,4,95.46,0,65.0,MOSCOW,9.0,5,No
1853,268,2023-01-02,Sports,4,162.93,15,56.0,Moscow,1.0,1,No
1854,54,2023-10-20,Sports,2,210.68,5,53.0,SPb,7.0,2,No
1855,236,2023-11-21,Electronics,1,454.47,20,47.0,Novosibirsk,10.0,5,Yes
1856,389,2023-02-10,Clothing,9,125.08,15,40.0,Moscow,4.0,1,No
1857,222,2023-11-14,Books,2,50.2,5,36.0,Ekaterinburg,7.0,3,No
1858,251,2023-11-12,Electronics,8,162.75,5,29.0,Novosibirsk,13.0,2,No
1859,313,2023-04-21,Electronics,9,56.81,25,-5.0,Moscow,12.0,3,No
1860,112,2023-01-14,Sports,4,68.66,15,48.0,spb,1.0,3,No
1861,255,2023-08-19,Electronics,8,289.06,15,60.0,Kazan,5.0,5,No
1862,303,2023-03-25,Electronics,9,35.15,5,54.0,SPb,3.0,4,No
1863,207,2023-05-10,Electronics,5,20.31,5,54.0,Moscow,5.0,5,No
1864,229,2023-08-19,Sports,7,358.63,5,32.0,SPb,4.0,2,No
1865,341,2023-11-22,Books,4,184.02,25,46.0,,2.0,2,No
1866,398,2023-05-25,Books,1,67.06,15,67.0,,11.0,5,No
1867,66,2023-12-11,Electronics,3,130.54,5,60.0,Ekaterinburg,,4,No
1868,75,2023-01-28,Sports,5,322.83,0,43.0,spb,,5,No
1869,103,2023-03-07,Books,3,141.39,15,61.0,spb,13.0,,No
1870,192,2023-06-12,Books,7,249.79,25,19.0,Novosibirsk,1.0,4,No
1871,252,2023-08-17,Books,9,65.24,0,37.0,Moscow,12.0,2,No
1872,226,2023-09-18,Sports,6,296.11,10,32.0,Kazan,10.0,4,No
1873,294,2023-06-13,Sports,1,161.46,15,69.0,Moscow,8.0,4,No
1874,306,2023-10-28,Electronics,7,315.35,10,21.0,,5.0,5,No
1875,98,2023-10-30,Home,3,405.16,5,39.0,Moscow ,4.0,5,No
1876,338,2023-10-14,Books,5,307.76,25,67.0,MOSCOW,10.0,5,No
1877,286,2023-01-10,Home,4,151.4,5,55.0,Moscow,12.0,4,No
1878,335,2023-07-14,Sports,5,131.59,25,40.0,spb,5.0,4,Yes
1879,347,2023-04-28,Sports,5,167.07,20,43.0,spb,4.0,2,No
1880,308,2023-09-27,Sports,6,86.49,5,68.0,MOSCOW,3.0,,No
1881,249,2023-03-21,Home,6,94.68,10,28.0,spb,5.0,5,No
1882,166,2023-04-03,Sports,8,396.39,25,45.0,Ekaterinburg,4.0,2,No
1883,335,2023-09-23,Electronics,8,195.44,5,73.0,Moscow,1.0,2,No
1884,30,2023-11-28,Sports,9,220.82,15,19.0,Novosibirsk,12.0,1,No
1885,247,2023-12-16,Clothing,8,299.05,25,,Moscow,3.0,,Yes
1886,106,2023-12-27,Home,2,296.88,25,46.0,Moscow ,,2,No
1887,51,2023-09-14,Clothing,1,38.35,5,-5.0,spb,10.0,1,No
1888,81,2023-05-13,Sports,2,416.61,20,54.0,SPb,8.0,5,No
1889,133,2023-10-03,Electronics,2,92.78,5,35.0,spb,7.0,4,No
1890,285,2023-09-21,Books,3,362.92,10,72.0,Moscow,2.0,1,No
1891,388,2023-06-20,Sports,7,387.47,10,67.0,Ekaterinburg,1.0,4,No
1892,138,2023-01-01,Electronics,2,358.88,25,31.0,Kazan,3.0,3,No
1893,184,2023-11-09,Home,1,291.59,25,71.0,Moscow,5.0,3,No
1894,330,2023-03-05,Clothing,6,12.23,5,27.0,,10.0,3,No
1895,273,2023-10-11,Clothing,9,183.39,10,52.0,Novosibirsk,11.0,3,No
1896,340,2023-05-01,Clothing,3,304.4,10,26.0,Ekaterinburg,12.0,2,No
1897,69,2023-04-17,Home,6,196.79,20,52.0,,1.0,3,No
1898,34,2023-06-24,Electronics,3,432.42,15,28.0,Kazan,3.0,2,No
1899,262,2023-07-23,Home,1,157.86,20,61.0,spb,3.0,2,No
1900,53,2023-06-14,Clothing,5,150.3,0,29.0,SPb,5.0,5,No
1901,205,2023-11-01,Sports,4,136.67,20,,Moscow,3.0,,Yes
1902,126,2023-04-30,Books,7,169.73,5,70.0,Moscow ,13.0,2,No
1903,235,2023-02-13,Home,6,280.92,15,56.0,Kazan,9.0,3,No
1904,43,2023-11-08,Home,7,354.97,5,31.0,SPb,1.0,2,No
1905,240,2023-06-05,Electronics,5,332.97,0,73.0,Moscow ,4.0,4,No
1906,371,2023-07-26,Electronics,4,404.82,15,,Ekaterinburg,13.0,3,No
1907,111,2023-04-18,Home,7,443.53,25,28.0,Ekaterinburg,,,No
1908,249,2023-09-08,Clothing,7,408.96,10,56.0,Kazan,10.0,3,No
1909,151,2023-11-30,Books,6,14.38,20,42.0,spb,10.0,2,No
1910,183,2023-05-10,Electronics,8,369.28,5,38.0,MOSCOW,4.0,4,No
1911,336,2023-10-20,Clothing,4,108.16,0,27.0,SPb,1.0,3,No
1912,95,2023-01-20,Sports,5,70.8,10,60.0,Ekaterinburg,14.0,4,No
1913,374,2023-10-09,Electronics,4,321.05,20,32.0,MOSCOW,2.0,1,No
1914,8,2023-10-12,Clothing,1,163.27,10,,Kazan,11.0,1,No
1915,388,2023-01-01,Clothing,8,33.27,20,65.0,Ekaterinburg,1.0,5,No
1916,360,2023-04-29,Books,1,73.13,25,39.0,Ekaterinburg,6.0,5,No
1917,388,2023-02-04,Books,5,5.46,15,38.0,Moscow ,3.0,3,No
1918,184,2023-07-17,Sports,6,452.1,10,69.0,MOSCOW,7.0,5,No
1919,281,2023-09-02,Clothing,6,17.19,10,61.0,Moscow ,5.0,4,No
1920,195,2023-02-28,Clothing,5,108.68,10,49.0,Ekaterinburg,9.0,5,No
1921,352,2023-11-21,Books,3,211.05,15,67.0,MOSCOW,7.0,4,No
1922,195,2023-06-10,Electronics,5,181.5,0,40.0,Novosibirsk,4.0,5,No
1923,155,2023-06-28,Electronics,8,456.3,20,30.0,MOSCOW,5.0,,No
1924,93,2023-07-25,Home,2,24.94,25,22.0,Moscow ,5.0,5,No
1925,160,2023-01-12,Books,6,258.55,10,21.0,,11.0,2,No
1926,61,2023-10-03,Home,9,341.84,15,45.0,Kazan,,2,Yes
1927,122,2023-06-30,Books,8,466.19,0,,Kazan,10.0,5,No
1928,51,2023-08-30,Sports,8,312.08,20,25.0,spb,9.0,4,Yes
1929,277,2023-08-04,Clothing,8,402.86,15,26.0,SPb,10.0,3,No
1930,5,2023-09-08,Sports,7,46.44,25,74.0,SPb,3.0,1,No
1931,92,2023-10-26,Books,8,196.04,25,,SPb,,,Yes
1932,170,2023-05-06,Clothing,6,190.1,20,52.0,spb,8.0,5,No
1933,317,2023-08-05,Electronics,2,443.71,10,54.0,SPb,,1,No
1934,22,2023-11-02,Electronics,2,79.93,25,38.0,Moscow,9.0,2,No
1935,326,2023-10-12,Home,8,80.18,0,35.0,spb,13.0,3,No
1936,1,2023-07-04,Books,1,167.64,15,50.0,Kazan,7.0,,No
1937,133,2023-02-08,Books,6,31.96,0,25.0,,,5,No
1938,233,2023-08-11,Electronics,6,95.32,10,68.0,spb,3.0,3,No
1939,12,2023-07-03,Sports,4,482.78,0,66.0,Ekaterinburg,1.0,2,No
1940,346,2023-06-27,Clothing,3,216.95,0,34.0,Ekaterinburg,4.0,,No
1941,46,2023-10-21,Sports,3,317.85,5,60.0,Kazan,13.0,1,No
1942,34,2023-12-06,Sports,1,364.43,0,48.0,Ekaterinburg,6.0,4,No
1943,78,2023-05-31,Electronics,3,186.65,20,51.0,SPb,3.0,2,No
1944,218,2023-05-06,Electronics,4,77.88,15,23.0,spb,14.0,4,No
1945,301,2023-10-28,Electronics,5,107.26,5,39.0,Moscow,1.0,5,No
1946,73,2023-11-04,Home,3,160.07,15,31.0,SPb,6.0,3,Yes
1947,282,2023-12-02,Sports,6,319.85,15,20.0,Ekaterinburg,14.0,4,No
1948,249,2023-08-22,Books,5,202.15,10,29.0,Moscow ,1.0,1,No
1949,47,2023-01-08,Clothing,3,8.37,10,53.0,MOSCOW,9.0,,No
1950,121,2023-12-07,Home,6,264.09,5,29.0,Moscow,11.0,1,No
1951,214,2023-05-09,Books,6,461.15,25,62.0,SPb,14.0,4,No
1952,239,2023-09-21,Sports,8,406.98,10,19.0,spb,12.0,3,Yes
1953,56,2023-06-06,Electronics,2,413.48,10,19.0,Kazan,1.0,3,No
1954,350,2023-12-18,Sports,1,398.55,10,32.0,SPb,13.0,1,No
1955,107,2023-12-24,Clothing,4,165.25,15,,Moscow ,6.0,5,No
1956,319,2023-01-05,Home,7,383.77,5,46.0,Ekaterinburg,1.0,5,No
1957,48,2023-03-27,Home,3,75.86,15,34.0,Moscow,,3,No
1958,61,2023-06-24,Clothing,3,330.57,20,,Kazan,7.0,1,No
1959,337,2023-10-17,Books,5,322.58,15,24.0,Moscow,,1,No
1960,26,2023-07-12,Books,5,17.66,20,47.0,Kazan,6.0,1,No
1961,292,2023-11-07,Home,3,395.05,0,45.0,,,4,No
1962,257,2023-04-29,Home,9,452.11,0,31.0,,1.0,5,No
1963,8,2023-08-06,Electronics,4,137.37,20,61.0,Moscow,1.0,5,No
1964,113,2023-04-24,Books,3,407.13,20,47.0,Ekaterinburg,13.0,4,Yes
1965,355,2023-05-25,Clothing,2,45.79,15,34.0,,5.0,2,No
1966,253,2023-01-26,Books,9,301.98,20,49.0,spb,6.0,,No
1967,180,2023-05-16,Electronics,4,245.4,5,63.0,MOSCOW,9.0,,Yes
1968,207,2023-10-30,Home,3,275.23,0,23.0,Kazan,14.0,4,No
1969,303,2023-08-20,Home,7,463.47,0,68.0,Novosibirsk,1.0,1,No
1970,127,2023-03-17,Electronics,8,436.3,25,41.0,Moscow,13.0,3,Yes
1971,56,2023-11-24,Clothing,2,393.62,20,23.0,Moscow,4.0,1,No
1972,214,2023-12-11,Home,7,140.48,10,44.0,SPb,10.0,,No
1973,14,2023-10-29,Sports,5,456.35,10,35.0,Kazan,8.0,4,No
1974,28,2023-10-16,Home,5,53.27,20,41.0,Moscow ,10.0,1,No
1975,78,2023-01-01,Sports,3,427.4,5,54.0,Novosibirsk,9.0,2,No
1976,216,2023-05-27,Electronics,5,167.44,10,73.0,Ekaterinburg,13.0,3,No
1977,386,2023-10-14,Electronics,2,31.62,25,41.0,,3.0,2,No
1978,365,2023-05-22,Home,4,336.33,20,55.0,MOSCOW,11.0,2,Yes
1979,154,2023-02-22,Books,6,119.48,5,51.0,,2.0,2,No
1980,14,2023-10-31,Sports,1,125.57,5,57.0,Kazan,4.0,3,No
1981,187,2023-03-10,Clothing,4,156.49,15,64.0,Novosibirsk,2.0,3,No
1982,312,2023-12-27,Home,6,36.52,5,32.0,MOSCOW,1.0,3,No
1983,371,2023-03-31,Clothing,9,92.68,10,28.0,spb,12.0,3,No
1984,7,2023-08-08,Home,2,7.54,10,39.0,Moscow,3.0,2,No
1985,3,2023-07-11,Books,7,225.48,20,71.0,spb,,5,No
1986,111,2023-03-04,Books,6,46.71,20,41.0,Moscow,13.0,5,No
1987,238,2023-03-14,Books,2,342.91,5,18.0,SPb,13.0,3,Yes
1988,363,2023-06-10,Books,8,121.63,25,35.0,MOSCOW,1.0,4,No
1989,239,2023-06-18,Electronics,7,472.07,0,,Kazan,2.0,1,No
1990,274,2023-03-30,Electronics,5,436.27,15,29.0,Kazan,1.0,4,No
1991,294,2023-06-25,Sports,5,148.27,0,74.0,,8.0,4,No
1992,227,2023-09-26,Clothing,7,392.69,5,60.0,,5.0,,No
1993,371,2023-03-14,Home,9,402.61,5,45.0,Kazan,8.0,5,No
1994,15,2023-09-02,Home,9,493.35,0,57.0,Moscow ,3.0,1,No
1995,192,2023-03-18,Electronics,9,300.93,15,24.0,,13.0,4,No
1996,119,2023-06-08,Home,6,45.57,0,40.0,spb,12.0,3,No
1997,28,2023-11-20,Electronics,6,325.18,20,38.0,Moscow,7.0,5,No
1998,202,2023-04-08,Sports,3,314.36,10,51.0,Novosibirsk,8.0,3,No
1999,39,2023-04-12,Clothing,1,320.98,25,28.0,Ekaterinburg,6.0,3,No
2000,273,2023-05-12,Sports,7,157.04,20,,MOSCOW,13.0,4,No
2001,231,2023-04-12,Books,4,430.54,10,59.0,Moscow,13.0,3,Yes
2002,86,2023-01-19,Books,1,479.94,25,52.0,SPb,7.0,1,No
2003,126,2023-03-23,Books,8,112.77,25,69.0,Kazan,14.0,3,No
2004,300,2023-10-06,Sports,6,48.64,25,46.0,Moscow,,4,No
2005,25,2023-12-05,Home,6,101.29,5,59.0,,2.0,3,No
2006,145,2023-12-31,Clothing,2,411.17,25,45.0,Ekaterinburg,8.0,5,No
2007,13,,Books,1,339.94,15,35.0,Moscow ,5.0,5,No
2008,212,2023-05-09,Books,2,319.84,0,31.0,SPb,7.0,5,No
2009,25,2023-12-10,Books,4,203.89,15,35.0,Moscow,1.0,2,No
2010,68,2023-11-06,Clothing,2,291.02,0,45.0,Novosibirsk,5.0,5,No
2011,394,2023-03-30,Books,1,157.4,20,41.0,Moscow,1.0,5,No
2012,67,2023-08-01,Clothing,7,241.21,20,25.0,Moscow ,12.0,2,Yes
2013,233,2023-05-23,Books,8,397.57,0,59.0,spb,13.0,5,Yes
2014,109,2023-03-06,Sports,6,490.71,15,71.0,Ekaterinburg,8.0,4,No
2015,146,2023-03-17,Sports,4,466.58,0,,SPb,4.0,5,No
2016,111,2023-07-18,Clothing,6,467.26,25,70.0,SPb,4.0,5,No
2017,228,2023-05-23,Sports,3,204.1,5,25.0,Novosibirsk,2.0,2,No
2018,111,2023-11-12,Clothing,8,237.05,20,21.0,SPb,5.0,4,Yes
2019,34,2023-04-03,Sports,2,354.29,5,44.0,Moscow ,,3,No
2020,111,2023-11-01,Sports,5,461.49,25,53.0,Moscow ,9.0,1,No
2021,264,2023-08-12,Clothing,1,75.29,25,22.0,,5.0,,No
2022,369,2023-10-18,Home,6,155.6,20,50.0,SPb,6.0,3,No
2023,236,2023-04-12,Sports,2,73.93,20,66.0,SPb,2.0,4,No
2024,83,2023-09-24,Books,4,307.94,25,51.0,Moscow ,10.0,3,No
2025,42,2023-12-21,Home,6,156.62,10,47.0,SPb,10.0,3,No
2026,101,2023-04-20,Clothing,8,166.42,5,25.0,MOSCOW,1.0,4,No
2027,6,2023-11-26,Home,8,40.1,5,,SPb,4.0,2,No
2028,180,2023-09-22,Electronics,6,178.15,10,64.0,MOSCOW,7.0,4,No
2029,282,2023-01-03,Electronics,4,431.94,15,43.0,Ekaterinburg,6.0,4,No
2030,320,2023-03-26,Sports,8,120.37,5,74.0,Moscow,,3,No
2031,226,2023-10-09,Sports,8,349.12,0,54.0,Kazan,1.0,1,No
2032,315,2023-11-24,Books,1,316.67,25,51.0,,1.0,3,No
2033,365,2023-10-31,Home,4,432.42,25,24.0,MOSCOW,8.0,,No
2034,229,2023-04-27,Electronics,4,70.48,10,57.0,SPb,4.0,4,No
2035,377,2023-08-09,Sports,7,488.91,5,45.0,Kazan,5.0,,No
2036,289,2023-06-03,Home,7,293.4,15,56.0,spb,13.0,2,No
2037,150,2023-06-02,Sports,8,497.76,5,56.0,Kazan,,3,No
2038,277,2023-01-12,Sports,5,456.2,25,45.0,Ekaterinburg,8.0,2,No
2039,198,2023-05-13,Electronics,7,114.65,20,31.0,MOSCOW,,4,No
2040,70,2023-10-31,Electronics,8,32.8,0,70.0,,,3,Yes
2041,112,2023-10-20,Sports,9,131.54,10,67.0,Moscow ,2.0,3,No
2042,4,2023-10-27,Clothing,3,266.14,20,,Kazan,,5,No
2043,350,2023-08-16,Sports,3,89.94,15,21.0,SPb,4.0,5,Yes
2044,331,2023-09-28,Sports,4,87.89,20,59.0,Novosibirsk,10.0,1,No
2045,318,2023-02-12,Books,5,233.98,20,35.0,spb,,5,No
2046,350,2023-12-09,Books,1,21.47,15,61.0,Moscow ,,3,No
2047,95,2023-11-22,Books,7,65.33,20,65.0,Novosibirsk,10.0,5,No
2048,152,2023-10-29,Clothing,9,210.85,10,42.0,Novosibirsk,9.0,1,No
2049,311,2023-12-30,Clothing,8,36.25,25,24.0,Kazan,3.0,4,No
2050,137,2023-01-21,Sports,5,201.39,5,55.0,Novosibirsk,12.0,5,No
2051,247,2023-04-17,Books,4,239.63,20,45.0,Ekaterinburg,3.0,3,No
2052,387,2023-12-02,Clothing,7,228.38,10,22.0,Ekaterinburg,10.0,4,No
2053,243,2023-10-30,Electronics,5,435.24,5,20.0,Kazan,9.0,3,No
2054,31,2023-04-27,Sports,7,267.38,5,61.0,,10.0,4,No
2055,40,2023-05-04,Home,1,236.65,20,48.0,Moscow,3.0,3,No
2056,229,2023-10-08,Sports,1,208.3,10,64.0,SPb,8.0,,No
2057,36,2023-10-19,Home,3,409.72,25,59.0,SPb,2.0,5,No
2058,223,2023-07-22,Books,2,448.05,20,37.0,SPb,14.0,1,No
2059,6,2023-02-20,Home,2,427.36,15,36.0,SPb,13.0,,No
2060,322,2023-09-28,Books,7,338.41,5,65.0,Moscow ,3.0,1,No
2061,220,2023-11-20,Electronics,2,72.99,20,,Moscow,2.0,2,Yes
2062,75,2023-10-04,Home,4,142.05,5,57.0,Moscow ,1.0,5,No
2063,4,2023-05-21,Sports,2,27.8,10,20.0,Novosibirsk,2.0,4,No
2064,335,2023-10-02,Books,6,465.76,0,40.0,spb,8.0,1,No
2065,134,2023-10-17,Sports,8,332.1,20,24.0,SPb,9.0,,No
2066,118,2023-11-30,Clothing,4,374.45,25,,spb,13.0,2,No
2067,369,2023-02-21,Books,5,159.23,20,24.0,Ekaterinburg,,1,No
2068,94,2023-01-27,Home,4,423.6,5,63.0,Kazan,7.0,3,Yes
2069,62,2023-06-06,Books,3,133.5,10,51.0,Kazan,5.0,5,No
2070,194,2023-08-27,Sports,5,5.81,15,59.0,,3.0,1,No
2071,335,2023-06-05,Electronics,9,191.33,25,36.0,Moscow ,9.0,1,No
2072,203,2023-10-18,Books,8,287.53,10,26.0,Ekaterinburg,,2,No
2073,392,2023-05-16,Home,8,241.96,20,65.0,,11.0,3,No
2074,26,2023-05-24,Clothing,8,431.73,15,68.0,spb,1.0,1,No
2075,173,2023-04-16,Electronics,8,57.18,10,35.0,MOSCOW,5.0,5,No
2076,300,2023-06-07,Clothing,7,279.14,0,58.0,spb,7.0,5,No
2077,133,2023-05-26,Books,8,258.92,25,65.0,Moscow,4.0,1,Yes
2078,326,2023-01-02,Sports,8,144.29,5,-5.0,Novosibirsk,8.0,3,No
2079,118,2023-03-18,Sports,8,412.0,10,59.0,Kazan,10.0,5,Yes
2080,324,2023-05-12,Home,7,377.66,10,42.0,Novosibirsk,5.0,5,No
2081,275,2023-03-31,Sports,1,367.77,0,69.0,Moscow,9.0,3,No
2082,212,2023-12-11,Electronics,4,438.72,20,31.0,Moscow ,9.0,3,No
2083,225,2023-12-16,Sports,4,362.78,25,61.0,spb,9.0,1,No
2084,20,2023-09-20,Home,5,119.76,25,42.0,Kazan,1.0,4,No
2085,113,2023-12-17,Books,6,354.25,5,36.0,Novosibirsk,2.0,2,No
2086,140,2023-04-18,Books,4,157.31,10,56.0,MOSCOW,3.0,4,No
2087,47,2023-03-15,Sports,2,124.88,15,72.0,Moscow ,14.0,4,No
2088,1,2023-02-08,Clothing,6,41.14,10,32.0,Moscow,4.0,5,No
2089,90,2023-06-08,Books,8,373.29,5,,MOSCOW,10.0,3,No
2090,142,2023-03-12,Sports,8,356.95,10,44.0,Novosibirsk,9.0,5,No
2091,320,2023-11-08,Home,7,121.08,0,57.0,MOSCOW,10.0,2,No
2092,38,2023-08-29,Sports,6,375.94,10,27.0,spb,13.0,1,No
2093,293,2023-10-25,Books,2,459.33,10,21.0,SPb,6.0,2,No
2094,382,2023-02-05,Home,7,58.47,15,68.0,MOSCOW,1.0,5,No
2095,139,2023-03-25,Sports,5,120.16,0,36.0,Moscow ,12.0,5,No
2096,356,2023-09-20,Electronics,6,376.38,0,45.0,Moscow,9.0,5,No
2097,333,2023-11-06,Home,8,140.88,10,38.0,Novosibirsk,6.0,5,No
2098,259,2023-06-21,Electronics,8,314.21,25,64.0,,4.0,4,No
2099,161,2023-06-22,Clothing,3,45.18,15,31.0,SPb,14.0,1,No
2100,390,2023-12-28,Home,7,228.84,10,50.0,SPb,4.0,4,No
2101,178,2023-02-16,Electronics,1,370.85,10,65.0,Moscow,3.0,5,No
2102,10,2023-05-21,Books,1,344.82,5,27.0,Ekaterinburg,7.0,3,No
2103,261,2023-04-28,Books,7,408.46,5,36.0,spb,,4,Yes
2104,138,2023-10-04,Clothing,9,439.34,25,47.0,spb,2.0,5,No
2105,172,2023-08-02,Home,7,387.73,15,39.0,Kazan,10.0,5,No
2106,386,2023-08-08,Home,5,337.44,20,,,8.0,1,Yes
2107,13,2023-01-26,Home,8,20.7,5,54.0,SPb,4.0,2,No
2108,168,2023-01-09,Clothing,2,269.81,20,58.0,SPb,8.0,4,No
2109,130,2023-09-28,Home,9,23.66,0,35.0,MOSCOW,1.0,4,No
2110,84,2023-01-10,Books,6,404.99,5,,Moscow,5.0,4,No
2111,321,2023-05-01,Electronics,9,163.76,5,65.0,Ekaterinburg,13.0,5,No
2112,319,2023-05-05,Books,2,283.4,15,19.0,Kazan,9.0,1,No
2113,101,2023-06-19,Books,3,143.33,25,29.0,Novosibirsk,1.0,5,No
2114,329,2023-03-13,Electronics,8,392.34,20,71.0,Moscow,11.0,5,No
2115,273,2023-06-01,Books,1,443.82,5,23.0,Kazan,13.0,3,No
2116,265,2023-07-27,Clothing,7,202.33,5,60.0,spb,4.0,1,No
2117,399,2023-02-18,Electronics,7,432.15,15,57.0,Kazan,6.0,4,Yes
2118,38,2023-06-03,Books,1,137.2,15,61.0,MOSCOW,10.0,,No
2119,94,2023-12-13,Sports,9,269.66,25,46.0,Moscow ,8.0,4,No
2120,95,2023-10-20,Books,8,430.09,20,47.0,SPb,14.0,5,No
2121,305,2023-03-09,Clothing,4,166.31,0,19.0,,3.0,1,Yes
2122,69,2023-02-19,Home,5,477.25,25,26.0,Novosibirsk,,,No
2123,318,2023-06-01,Books,2,65.33,0,64.0,Moscow,7.0,1,No
2124,236,2023-01-19,Home,9,14.05,10,19.0,MOSCOW,,,No
2125,334,2023-04-10,Sports,6,452.55,5,46.0,SPb,7.0,4,No
2126,373,2023-03-01,Books,3,38.98,20,,Moscow ,,3,No
2127,376,2023-06-16,Electronics,7,495.99,25,27.0,MOSCOW,12.0,2,No
2128,137,2023-07-21,Home,9,475.94,5,51.0,Moscow ,11.0,5,No
2129,76,2023-12-11,Sports,3,72.83,20,,MOSCOW,8.0,3,No
2130,35,2023-05-26,Electronics,2,271.1,20,72.0,SPb,8.0,3,No
2131,1,2023-06-13,Electronics,7,96.54,20,25.0,Ekaterinburg,9.0,5,No
2132,296,2023-08-30,Electronics,7,216.94,5,54.0,Kazan,6.0,1,No
2133,320,2023-03-10,Electronics,4,35.41,25,71.0,,,5,No
2134,60,2023-06-24,Books,9,115.84,15,50.0,Moscow,6.0,4,No
2135,320,2023-02-18,Books,8,184.82,5,64.0,Moscow,2.0,5,No
2136,349,2023-04-18,Books,1,222.13,20,,SPb,3.0,1,No
2137,328,2023-08-14,Sports,1,488.86,25,61.0,spb,4.0,5,No
2138,267,2023-06-10,Sports,5,404.89,10,57.0,Ekaterinburg,4.0,3,No
2139,361,2023-04-29,Sports,6,370.02,0,62.0,Novosibirsk,8.0,2,No
2140,229,2023-05-29,Clothing,3,270.84,20,36.0,Moscow ,14.0,3,No
2141,270,2023-05-30,Sports,9,420.8,10,49.0,SPb,1.0,2,No
2142,316,2023-10-20,Books,6,172.96,15,44.0,spb,,5,No
2143,286,2023-05-23,Books,4,355.91,20,18.0,Novosibirsk,14.0,4,No
2144,291,2023-06-09,Clothing,7,496.92,10,60.0,Moscow ,,5,No
2145,213,2023-01-11,Clothing,8,160.74,20,69.0,Moscow ,11.0,1,No
2146,165,2023-05-18,Sports,9,338.64,5,50.0,Ekaterinburg,12.0,5,Yes
2147,5,2023-03-19,Home,6,422.94,25,57.0,Kazan,13.0,2,No
2148,339,2023-03-18,Clothing,6,458.32,10,49.0,Moscow,11.0,3,No
2149,379,2023-09-11,Electronics,8,360.38,25,22.0,MOSCOW,11.0,4,No
2150,78,2023-09-15,Books,5,145.39,5,,Novosibirsk,4.0,5,No
2151,62,2023-11-16,Electronics,3,166.51,5,25.0,SPb,1.0,5,No
2152,132,2023-10-18,Books,3,15.28,25,74.0,Novosibirsk,3.0,3,No
2153,89,2023-09-20,Books,6,381.64,10,59.0,Kazan,5.0,4,No
2154,237,2023-03-26,Clothing,2,26.16,25,51.0,Moscow,6.0,5,No
2155,42,2023-05-26,Clothing,6,433.0,25,,Novosibirsk,9.0,,No
2156,89,2023-11-19,Electronics,6,63.74,0,73.0,Kazan,9.0,2,No
2157,296,2023-02-11,Books,8,90.08,10,40.0,SPb,9.0,2,No
2158,328,2023-05-05,Electronics,7,240.88,0,52.0,Ekaterinburg,11.0,1,No
2159,295,2023-06-16,Home,8,370.25,20,67.0,spb,1.0,3,No
2160,104,2023-08-29,Electronics,9,73.81,25,24.0,Moscow ,12.0,4,No
2161,14,2023-10-07,Sports,6,222.84,20,32.0,SPb,9.0,5,No
2162,288,2023-07-07,Electronics,3,244.01,10,70.0,Moscow,13.0,5,No
2163,179,2023-10-29,Sports,3,110.08,25,,Moscow ,8.0,1,No
2164,125,2023-01-19,Sports,1,62.2,20,37.0,spb,2.0,5,No
2165,353,2023-03-09,Sports,5,419.03,15,67.0,,13.0,3,No
2166,23,2023-08-06,Home,4,253.72,5,42.0,MOSCOW,11.0,1,No
2167,63,2023-04-12,Electronics,9,12.12,25,20.0,SPb,1.0,3,No
2168,143,2023-02-11,Electronics,9,402.48,5,72.0,SPb,1.0,1,No
2169,153,2023-10-15,Home,5,490.49,0,63.0,MOSCOW,12.0,5,No
2170,145,2023-06-16,Books,4,304.93,20,41.0,SPb,6.0,1,No
2171,225,2023-04-19,Clothing,7,254.34,0,51.0,Moscow ,9.0,2,No
2172,309,2023-02-05,Electronics,6,439.82,25,63.0,Moscow,,4,No
2173,104,2023-08-20,Clothing,4,476.5,5,39.0,spb,5.0,5,No
2174,104,2023-08-17,Home,2,378.5,5,28.0,Kazan,11.0,4,No
2175,39,2023-12-19,Books,1,225.5,20,65.0,Novosibirsk,2.0,5,No
2176,198,2023-06-13,Books,4,298.15,25,25.0,MOSCOW,1.0,4,No
2177,134,2023-03-14,Books,4,351.96,15,56.0,Ekaterinburg,2.0,2,Yes
2178,67,2023-05-16,Home,1,101.17,15,,MOSCOW,1.0,4,No
2179,391,2023-12-19,Sports,6,226.36,20,,spb,3.0,1,No
2180,179,2023-03-11,Sports,4,415.76,25,66.0,Novosibirsk,6.0,4,Yes
2181,42,2023-07-15,Clothing,1,329.09,20,63.0,,13.0,5,Yes
2182,15,2023-09-26,Sports,1,208.55,25,55.0,Ekaterinburg,8.0,3,No
2183,111,2023-02-18,Sports,1,333.36,0,25.0,spb,3.0,4,No
2184,157,2023-11-12,Books,8,63.52,20,71.0,Moscow ,10.0,4,No
2185,289,2023-05-10,Books,8,203.74,25,54.0,Moscow,9.0,4,No
2186,231,2023-01-05,Clothing,2,397.6,15,,Ekaterinburg,10.0,,No
2187,157,2023-01-27,Electronics,7,114.15,25,45.0,Moscow,5.0,,No
2188,38,2023-06-09,Clothing,8,97.05,25,57.0,Moscow ,7.0,5,Yes
2189,97,2023-05-29,Clothing,8,475.66,20,51.0,Novosibirsk,8.0,5,No
2190,289,2023-09-21,Home,7,108.9,0,49.0,Moscow,3.0,3,No
2191,254,2023-08-18,Home,5,134.15,0,32.0,Moscow ,2.0,1,No
2192,196,2023-07-19,Clothing,1,484.96,0,61.0,Moscow ,2.0,5,No
2193,86,2023-02-19,Clothing,9,368.68,0,34.0,Kazan,5.0,2,No
2194,322,2023-03-08,Clothing,7,351.3,10,50.0,,1.0,4,No
2195,10,2023-10-27,Sports,2,427.2,20,64.0,Kazan,2.0,2,No
2196,5,2023-02-27,Home,6,62.33,5,63.0,,13.0,,No
2197,123,2023-09-16,Clothing,2,354.45,20,69.0,Novosibirsk,9.0,,No
2198,330,2023-12-08,Books,1,254.33,10,71.0,Ekaterinburg,7.0,5,No
2199,353,2023-11-22,Books,7,415.43,0,33.0,Novosibirsk,,1,No
1636,339,2023-05-10,Books,8,185.0,20,30.0,spb,9.0,5,No
1683,136,2023-07-25,Electronics,2,307.14,0,57.0,SPb,,2,No
2033,365,2023-10-31,Home,4,432.42,25,24.0,MOSCOW,8.0,,No
1190,385,2023-02-05,Books,9,213.28,15,36.0,Kazan,7.0,,No
2083,225,2023-12-16,Sports,4,362.78,25,61.0,spb,9.0,1,No
1283,346,2023-10-23,Home,4,444.12,20,47.0,spb,7.0,4,No
1817,385,2023-08-08,Books,3,10.48,15,59.0,,11.0,4,No
1314,153,2023-05-09,Home,1,473.64,20,27.0,MOSCOW,6.0,5,No
1537,250,2023-12-02,Books,4,334.98,10,40.0,spb,9.0,3,Yes
1664,239,2023-03-13,Clothing,1,493.94,0,41.0,Kazan,1.0,1,No
1239,160,2023-10-20,Home,2,146.42,20,28.0,Ekaterinburg,3.0,1,No
1135,227,2023-06-24,Home,5,391.09,5,22.0,Ekaterinburg,6.0,3,No
1335,33,2023-02-26,Books,9,48.36,0,59.0,SPb,3.0,,No
1189,225,2023-04-22,Clothing,3,42.9,20,58.0,Kazan,8.0,5,No
1838,260,2023-05-11,Electronics,4,239.15,15,25.0,SPb,12.0,5,No
